Дата,Аэропорт вылета,Аэропорт прилёта,Время вылета,Время прилёта,Авиакомпания(и),Минимальная цена билета
10.02.2025,РЩН,НУР,09:10,11:20,"Utair, Ямал, Победа, ЮВТ Аэро, Ред Вингс",15850
11.02.2025,РЩН,НУР,07:20,08:50,"Ямал, Utair, Аэрофлот, Ред Вингс, Победа",9472
12.02.2025,РЩН,НУР,17:05,08:05,"Utair, Ред Вингс, Аэрофлот, Победа",18806
13.02.2025,РЩН,НУР,07:35,09:00,"Utair, Аэрофлот, IrAero",27176
14.02.2025,РЩН,НУР,23:20,13:30,"Utair, IrAero, Аэрофлот, ЮВТ Аэро, Ред Вингс, Победа",15002
15.02.2025,РЩН,НУР,13:25,15:15,IrAero,23944
16.02.2025,РЩН,НУР,20:05,08:00,"Ямал, Utair, Ред Вингс, IrAero",19653
17.02.2025,РЩН,НУР,09:10,11:20,"Utair, Победа",12887
18.02.2025,РЩН,НУР,09:10,11:20,"Utair, Аэрофлот, Ред Вингс, S7 Airlines",9517
19.02.2025,РЩН,НУР,09:10,11:20,"Utair, Победа, Ред Вингс, S7 Airlines",9517
20.02.2025,РЩН,НУР,09:10,11:20,"Utair, Ямал, Аэрофлот, Победа, S7 Airlines",9517
21.02.2025,РЩН,НУР,09:10,11:20,"Utair, ЮВТ Аэро, Победа, S7 Airlines",9585
22.02.2025,РЩН,НУР,09:10,11:20,"Utair, Победа, S7 Airlines",9517
23.02.2025,РЩН,НУР,09:10,11:20,"Utair, Ямал, Аэрофлот, Ред Вингс",9517
24.02.2025,РЩН,НУР,05:30,08:20,"Utair, Ямал, Победа, ЮВТ Аэро",17509
25.02.2025,РЩН,НУР,09:10,11:20,"Utair, Аэрофлот, S7 Airlines",9517
26.02.2025,РЩН,НУР,06:25,15:30,"Победа, Ред Вингс, Utair, Аэрофлот, Азимут",14046
27.02.2025,РЩН,НУР,09:10,11:20,"Utair, Аэрофлот, Победа",9517
28.02.2025,РЩН,НУР,16:00,11:40,"Utair, ЮВТ Аэро, Победа",13340
01.03.2025,РЩН,НУР,09:10,11:20,Utair,9517
02.03.2025,РЩН,НУР,09:10,11:20,"Utair, Ямал, Победа",9517
03.03.2025,РЩН,НУР,09:10,11:20,"Utair, Ямал",9517
04.03.2025,РЩН,НУР,09:10,11:20,"Utair, Аэрофлот, Победа, S7 Airlines",9517
05.03.2025,РЩН,НУР,09:10,11:20,"Utair, S7 Airlines, Победа, Ред Вингс, Азимут",9517
06.03.2025,РЩН,НУР,09:10,11:20,"Utair, Аэрофлот, Ямал",9517
07.03.2025,РЩН,НУР,09:10,11:20,"Utair, Аэрофлот, ЮВТ Аэро, S7 Airlines",9517
08.03.2025,РЩН,НУР,09:10,11:20,Utair,14811
09.03.2025,РЩН,НУР,01:35,12:40,"Аэрофлот, Utair, Ямал, Победа",14216
10.03.2025,РЩН,НУР,09:10,11:20,"Utair, Ямал, Победа",14811
11.03.2025,РЩН,НУР,09:10,11:20,"Utair, Аэрофлот, Ред Вингс",9517
12.03.2025,РЩН,НУР,09:10,11:20,"Utair, Азимут, Ред Вингс, Победа, Аэрофлот",9452
13.03.2025,РЩН,НУР,09:10,11:20,"Utair, Аэрофлот",9452
14.03.2025,РЩН,НУР,16:00,11:40,"Utair, ЮВТ Аэро, IrAero, Ред Вингс",13268
15.03.2025,РЩН,НУР,09:10,11:20,"Utair, Аэрофлот",17407
16.03.2025,РЩН,НУР,09:10,11:20,"Utair, IrAero, Аэрофлот, Ред Вингс, Ямал",14811
17.03.2025,РЩН,НУР,07:30,09:10,"Utair, Ямал, Победа, Ред Вингс, Аэрофлот",16855
18.03.2025,РЩН,НУР,01:35,10:10,"Аэрофлот, Utair",15038
19.03.2025,РЩН,НУР,07:30,09:10,"Utair, Аэрофлот, Победа, Ред Вингс, Азимут",16855
20.03.2025,РЩН,НУР,01:35,10:10,"Аэрофлот, Utair, Ямал",15038
21.03.2025,РЩН,НУР,16:00,11:40,"Utair, ЮВТ Аэро, Ред Вингс",13309
22.03.2025,РЩН,НУР,07:30,09:10,"Utair, Ямал, S7 Airlines",16855
23.03.2025,РЩН,НУР,01:35,12:40,"Аэрофлот, Utair, Ямал, Ред Вингс",15932
24.03.2025,РЩН,НУР,07:30,09:10,"Utair, Ямал, S7 Airlines, Ред Вингс, Победа",16855
25.03.2025,РЩН,НУР,01:35,10:10,"Аэрофлот, Utair, S7 Airlines",16111
26.03.2025,РЩН,НУР,07:30,09:10,"Utair, S7 Airlines, Ред Вингс, Победа, Ямал",16855
27.03.2025,РЩН,НУР,01:35,10:10,"Аэрофлот, Utair, Ред Вингс, Ямал, S7 Airlines",16111
28.03.2025,РЩН,НУР,07:30,09:10,"Utair, Аэрофлот, S7 Airlines, Ред Вингс",16855
29.03.2025,РЩН,НУР,07:30,09:10,"Utair, Аэрофлот, Ред Вингс, Победа",16855
30.03.2025,РЩН,НУР,07:20,09:00,"Ямал, Utair",17278
31.03.2025,РЩН,НУР,09:10,11:20,"Utair, Ямал, Аэрофлот, S7 Airlines",9515
01.04.2025,РЩН,НУР,09:10,11:20,"Utair, Ямал, S7 Airlines, Аэрофлот",9515
02.04.2025,РЩН,НУР,09:10,11:20,"Utair, Ямал, S7 Airlines, Аэрофлот, Ред Вингс",9515
03.04.2025,РЩН,НУР,09:10,11:20,"Utair, Ямал, Аэрофлот",14750
04.04.2025,РЩН,НУР,09:10,11:20,"Utair, Ямал, Уральские авиалинии, Аэрофлот, Ред Вингс",9515
05.04.2025,РЩН,НУР,09:10,11:20,"Utair, Ямал, Аэрофлот, S7 Airlines, Ред Вингс, Победа",9515
06.04.2025,РЩН,НУР,09:10,11:20,"Utair, Ямал, S7 Airlines, Ред Вингс",9515
07.04.2025,РЩН,НУР,09:10,11:20,"Utair, Аэрофлот, S7 Airlines",8461
08.04.2025,РЩН,НУР,07:30,09:10,"Ямал, Utair, S7 Airlines, Аэрофлот",17278
09.04.2025,РЩН,НУР,07:30,09:10,"Ямал, Utair, Аэрофлот, Ред Вингс, Победа",17278
10.04.2025,РЩН,НУР,00:35,09:35,"Аэрофлот, Ямал, Utair",16111
11.04.2025,РЩН,НУР,07:30,09:10,"Ямал, Utair, Уральские авиалинии, Аэрофлот, Ред Вингс",17278
12.04.2025,РЩН,НУР,07:30,09:10,"Ямал, Utair, Аэрофлот, Победа, Ред Вингс",17278
13.04.2025,РЩН,НУР,07:20,09:00,"Ямал, Utair, Ред Вингс, Аэрофлот, S7 Airlines",17278
14.04.2025,РЩН,НУР,00:35,09:35,"Аэрофлот, Ямал, Utair",15038
15.04.2025,РЩН,НУР,07:30,09:10,"Ямал, Utair, S7 Airlines",17278
16.04.2025,РЩН,НУР,07:30,09:10,"Ямал, Utair, Аэрофлот, Ред Вингс",17278
17.04.2025,РЩН,НУР,00:35,09:35,"Аэрофлот, Ямал, Utair",15038
18.04.2025,РЩН,НУР,07:30,09:10,"Ямал, Utair, Уральские авиалинии, Аэрофлот, Ред Вингс",17278
19.04.2025,РЩН,НУР,00:35,09:35,"Аэрофлот, Ямал, Utair, Ред Вингс, Победа",16752
20.04.2025,РЩН,НУР,07:20,09:00,"Ямал, Utair, Ред Вингс, Аэрофлот",17278
21.04.2025,РЩН,НУР,00:35,09:35,"Аэрофлот, Ямал, Utair, S7 Airlines",15038
22.04.2025,РЩН,НУР,06:05,15:15,"Utair, Ямал, S7 Airlines",16801
23.04.2025,РЩН,НУР,07:30,09:10,"Ямал, Utair, Аэрофлот, Ред Вингс",17278
24.04.2025,РЩН,НУР,00:35,09:35,"Аэрофлот, Ямал, Utair, S7 Airlines",16111
25.04.2025,РЩН,НУР,07:30,09:10,"Ямал, Utair, Уральские авиалинии, Аэрофлот, Ред Вингс",17278
26.04.2025,РЩН,НУР,07:30,09:10,"Ямал, Utair, Аэрофлот, Ред Вингс",17278
27.04.2025,РЩН,НУР,07:20,09:00,"Ямал, Utair, S7 Airlines, Ред Вингс",17278
28.04.2025,РЩН,НУР,00:35,09:35,"Аэрофлот, Ямал, Utair, S7 Airlines",15932
29.04.2025,РЩН,НУР,07:30,09:10,"Ямал, Utair, Аэрофлот, Ред Вингс, S7 Airlines",17278
30.04.2025,РЩН,НУР,07:30,09:10,"Ямал, Utair, S7 Airlines, Ред Вингс, Аэрофлот",17278
01.05.2025,РЩН,НУР,07:30,09:10,"Ямал, Utair, Аэрофлот, S7 Airlines",11560
02.05.2025,РЩН,НУР,07:30,09:10,"Ямал, Utair, Аэрофлот, Ред Вингс, S7 Airlines, Уральские авиалинии",11560
03.05.2025,РЩН,НУР,07:30,09:10,"Ямал, Utair, Аэрофлот, Ред Вингс, Победа",11560
04.05.2025,РЩН,НУР,07:20,09:00,"Ямал, Utair, Аэрофлот, Ред Вингс",12553
05.05.2025,РЩН,НУР,07:30,09:10,"Ямал, Utair",11560
06.05.2025,РЩН,НУР,07:30,09:10,"Ямал, Utair, Аэрофлот, S7 Airlines, Ред Вингс",11560
07.05.2025,РЩН,НУР,07:30,09:10,"Ямал, Utair, S7 Airlines, Аэрофлот, Ред Вингс, Победа",11560
08.05.2025,РЩН,НУР,07:30,09:10,"Ямал, Utair, S7 Airlines, Ред Вингс",12553
09.05.2025,РЩН,НУР,07:30,09:10,"Ямал, Utair, Аэрофлот, S7 Airlines, Ред Вингс",13932
10.05.2025,РЩН,НУР,07:30,09:10,"Ямал, Utair, Аэрофлот, Ред Вингс, Победа",13932
11.05.2025,РЩН,НУР,07:20,09:00,"Ямал, Utair, Ред Вингс",15682
10.02.2025,НУР,РЩН,13:40,00:35,"Аэрофлот, Utair, Ямал",13430
11.02.2025,НУР,РЩН,12:30,14:40,"Utair, S7 Airlines",15850
12.02.2025,НУР,РЩН,08:20,01:15,"S7 Airlines, Utair, ЮВТ Аэро, Победа",17657
13.02.2025,НУР,РЩН,11:15,19:20,"ЮВТ Аэро, Utair, Ред Вингс, Победа",14321
14.02.2025,НУР,РЩН,16:15,11:00,"Utair, S7 Airlines, Ред Вингс, Победа",16564
15.02.2025,НУР,РЩН,16:30,11:00,"Utair, IrAero, Ред Вингс",14697
16.02.2025,НУР,РЩН,16:15,18:15,"Utair, S7 Airlines",46993
17.02.2025,НУР,РЩН,13:40,00:35,"Аэрофлот, Utair, Ямал",16073
18.02.2025,НУР,РЩН,12:30,14:40,"Utair, Ред Вингс",14811
19.02.2025,НУР,РЩН,12:30,14:40,"Utair, ЮВТ Аэро",15850
20.02.2025,НУР,РЩН,16:45,18:25,"Utair, Ямал, Ред Вингс, Победа, Аэрофлот, Уральские авиалинии",11355
21.02.2025,НУР,РЩН,12:30,14:40,"Utair, Ред Вингс, Победа",15850
22.02.2025,НУР,РЩН,12:30,14:40,"Utair, Победа",14811
23.02.2025,НУР,РЩН,12:30,14:40,"Utair, ЮВТ Аэро, Победа, S7 Airlines",9517
24.02.2025,НУР,РЩН,13:40,00:35,"Аэрофлот, Utair, Победа",14503
25.02.2025,НУР,РЩН,12:30,14:40,"Utair, Победа, ЮВТ Аэро",14811
26.02.2025,НУР,РЩН,16:45,00:30,"Utair, Победа",15762
27.02.2025,НУР,РЩН,12:30,14:40,"Utair, ЮВТ Аэро, Ред Вингс, Победа, Аэрофлот",9517
28.02.2025,НУР,РЩН,16:15,00:30,"Utair, Ямал, Победа",15762
01.03.2025,НУР,РЩН,12:30,14:40,"Utair, Ямал, Ред Вингс, Победа",11556
02.03.2025,НУР,РЩН,12:30,14:40,"Utair, ЮВТ Аэро, Ред Вингс, S7 Airlines, Победа",9517
03.03.2025,НУР,РЩН,12:30,14:40,"Utair, Аэрофлот, Ямал, S7 Airlines, Победа",14771
04.03.2025,НУР,РЩН,12:30,14:40,"Utair, S7 Airlines, Победа",9517
05.03.2025,НУР,РЩН,12:30,14:40,"Utair, S7 Airlines, ЮВТ Аэро, Победа",9517
06.03.2025,НУР,РЩН,12:30,14:40,"Utair, ЮВТ Аэро, Ред Вингс, Аэрофлот, S7 Airlines",9517
07.03.2025,НУР,РЩН,12:30,14:40,"Utair, Ямал, S7 Airlines",9452
08.03.2025,НУР,РЩН,12:30,14:40,"Utair, Ред Вингс",14811
09.03.2025,НУР,РЩН,12:30,14:40,"Utair, ЮВТ Аэро, Ред Вингс, Победа",9517
10.03.2025,НУР,РЩН,12:30,14:40,"Utair, Ямал, Аэрофлот",9517
11.03.2025,НУР,РЩН,12:30,14:40,"Utair, Победа, S7 Airlines",14811
12.03.2025,НУР,РЩН,12:30,14:40,"Utair, ЮВТ Аэро",14811
13.03.2025,НУР,РЩН,12:30,14:40,"Utair, ЮВТ Аэро, Ред Вингс, Победа",9452
14.03.2025,НУР,РЩН,12:30,14:40,"Utair, Ямал",14811
15.03.2025,НУР,РЩН,12:30,14:40,"Utair, Ред Вингс, Nordwind Airlines",14811
16.03.2025,НУР,РЩН,12:30,14:40,"Utair, IrAero, ЮВТ Аэро, Ред Вингс, Nordwind Airlines",15850
17.03.2025,НУР,РЩН,13:40,00:35,"Аэрофлот, Utair, Ямал, Ред Вингс",16111
18.03.2025,НУР,РЩН,16:45,18:25,"Utair, Ред Вингс, Азимут, Победа, Аэрофлот",11355
19.03.2025,НУР,РЩН,16:30,18:10,"Utair, ЮВТ Аэро, Победа, S7 Airlines",11355
20.03.2025,НУР,РЩН,11:15,19:20,"ЮВТ Аэро, Utair, Ред Вингс, Победа",13340
21.03.2025,НУР,РЩН,12:30,14:40,"Utair, Ямал, S7 Airlines",17407
22.03.2025,НУР,РЩН,16:45,18:25,"Utair, Ред Вингс, Nordwind Airlines",16855
23.03.2025,НУР,РЩН,16:30,18:10,"Utair, ЮВТ Аэро, Ред Вингс, S7 Airlines",11355
24.03.2025,НУР,РЩН,13:40,00:35,"Аэрофлот, Utair, Ямал",15038
25.03.2025,НУР,РЩН,11:55,22:00,"S7 Airlines, Utair, Ред Вингс, Победа, Аэрофлот",15555
26.03.2025,НУР,РЩН,16:30,18:10,"Utair, ЮВТ Аэро, S7 Airlines",16855
27.03.2025,НУР,РЩН,11:15,19:20,"ЮВТ Аэро, Utair, Аэрофлот, Ред Вингс, Победа",13350
28.03.2025,НУР,РЩН,16:45,18:25,"Utair, Ямал, S7 Airlines",16855
29.03.2025,НУР,РЩН,16:45,18:25,"Utair, Ред Вингс",16855
30.03.2025,НУР,РЩН,15:45,17:40,"Ямал, Utair, Ред Вингс, Аэрофлот, Победа",17278
31.03.2025,НУР,РЩН,12:30,14:40,"Utair, Ямал, Ред Вингс, S7 Airlines",9515
01.04.2025,НУР,РЩН,12:30,14:40,"Utair, Ямал, S7 Airlines",15830
02.04.2025,НУР,РЩН,12:30,14:40,"Utair, Ямал, Аэрофлот, S7 Airlines",9515
03.04.2025,НУР,РЩН,12:30,14:40,"Utair, Ямал, Ред Вингс, Аэрофлот, Победа",14771
04.04.2025,НУР,РЩН,12:30,14:40,"Utair, Ямал, Ред Вингс, S7 Airlines",14811
05.04.2025,НУР,РЩН,12:30,14:40,"Utair, Ямал, Аэрофлот, S7 Airlines",9517
06.04.2025,НУР,РЩН,12:30,14:40,"Utair, Ямал, S7 Airlines, Ред Вингс, Аэрофлот, Победа",9517
07.04.2025,НУР,РЩН,16:30,18:10,"Ямал, Utair, Ред Вингс, S7 Airlines",17278
08.04.2025,НУР,РЩН,16:30,18:10,"Ямал, Utair, S7 Airlines, Аэрофлот",17278
09.04.2025,НУР,РЩН,10:25,23:10,"Аэрофлот, Ямал, Utair, S7 Airlines",13430
10.04.2025,НУР,РЩН,16:30,18:10,"Ямал, Utair, Ред Вингс, Аэрофлот, S7 Airlines, Победа",17278
11.04.2025,НУР,РЩН,16:30,18:10,"Ямал, Utair, Ред Вингс",17278
12.04.2025,НУР,РЩН,16:45,18:25,"Ямал, Utair, Аэрофлот, S7 Airlines",17278
13.04.2025,НУР,РЩН,15:45,17:40,"Ямал, Utair, Ред Вингс, Аэрофлот, S7 Airlines",17278
14.04.2025,НУР,РЩН,16:30,18:10,"Ямал, Utair, Ред Вингс",17278
15.04.2025,НУР,РЩН,16:30,18:10,"Ямал, Utair, S7 Airlines",17278
16.04.2025,НУР,РЩН,10:25,23:10,"Аэрофлот, Ямал, Utair",17166
17.04.2025,НУР,РЩН,16:30,18:10,"Ямал, Utair, Ред Вингс, Аэрофлот, Победа",17278
18.04.2025,НУР,РЩН,16:30,18:10,"Ямал, Utair, Ред Вингс, S7 Airlines",17278
19.04.2025,НУР,РЩН,10:40,23:10,"Аэрофлот, Ямал, Utair",17177
20.04.2025,НУР,РЩН,15:45,17:40,"Ямал, Utair, Ред Вингс, Аэрофлот",17278
21.04.2025,НУР,РЩН,16:30,18:10,"Ямал, Utair, Ред Вингс",17278
22.04.2025,НУР,РЩН,16:15,00:35,"Utair, Ямал, Ред Вингс, Победа, Аэрофлот",16801
23.04.2025,НУР,РЩН,10:25,23:10,"Аэрофлот, Ямал, Utair",17204
24.04.2025,НУР,РЩН,16:30,18:10,"Ямал, Utair, Ред Вингс, Аэрофлот, S7 Airlines, Победа",17278
25.04.2025,НУР,РЩН,16:15,00:35,"Utair, Ямал, Ред Вингс",16801
26.04.2025,НУР,РЩН,10:40,23:10,"Аэрофлот, Ямал, Utair, S7 Airlines",15932
27.04.2025,НУР,РЩН,15:45,17:40,"Ямал, Utair, S7 Airlines, Ред Вингс, Аэрофлот, Азимут",17278
28.04.2025,НУР,РЩН,16:30,18:10,"Ямал, Utair, S7 Airlines, Ред Вингс",17278
29.04.2025,НУР,РЩН,16:30,18:10,"Ямал, Utair, Ред Вингс, S7 Airlines",17278
30.04.2025,НУР,РЩН,16:30,18:10,"Ямал, Utair, Аэрофлот, Ред Вингс, S7 Airlines",17278
01.05.2025,НУР,РЩН,16:30,18:10,"Ямал, Utair, Ред Вингс, Аэрофлот",15682
02.05.2025,НУР,РЩН,16:30,18:10,"Ямал, Utair, S7 Airlines",11560
03.05.2025,НУР,РЩН,16:45,18:25,"Ямал, Utair, Аэрофлот, S7 Airlines",11560
04.05.2025,НУР,РЩН,15:45,17:40,"Ямал, Utair, Ред Вингс, Аэрофлот, Победа",11560
05.05.2025,НУР,РЩН,16:30,18:10,"Ямал, Utair, Ред Вингс",11560
06.05.2025,НУР,РЩН,16:30,18:10,"Ямал, Utair, S7 Airlines, Аэрофлот",11560
07.05.2025,НУР,РЩН,16:30,18:10,"Ямал, Utair, Аэрофлот, S7 Airlines, Ред Вингс",11560
08.05.2025,НУР,РЩН,16:30,18:10,"Ямал, Utair, Ред Вингс, Аэрофлот, Победа, S7 Airlines",12553
09.05.2025,НУР,РЩН,12:30,14:40,"Utair, Ямал, S7 Airlines",13697
10.05.2025,НУР,РЩН,16:45,18:25,"Ямал, Utair, Аэрофлот, S7 Airlines",13932
11.05.2025,НУР,РЩН,15:45,17:40,"Ямал, Utair, Ред Вингс, Аэрофлот, S7 Airlines",13932
10.02.2025,ДМД,НУР,10:05,15:35,"NordStar, Utair, S7 Airlines, Уральские авиалинии, Ред Вингс",23627
11.02.2025,ДМД,НУР,01:25,06:45,"S7 Airlines, Ямал, Уральские авиалинии, Ред Вингс, Utair",17870
12.02.2025,ДМД,НУР,22:00,08:05,"S7 Airlines, Уральские авиалинии, Ред Вингс",22599
13.02.2025,ДМД,НУР,23:45,10:55,"S7 Airlines, Уральские авиалинии, Ред Вингс",23924
14.02.2025,ДМД,НУР,23:45,11:40,"S7 Airlines, Уральские авиалинии, ЮВТ Аэро, Ямал, IrAero, Ред Вингс",19422
15.02.2025,ДМД,НУР,19:00,12:20,"S7 Airlines, ЮВТ Аэро, Ямал, NordStar, IrAero",18359
16.02.2025,ДМД,НУР,01:40,07:00,"S7 Airlines, Ямал, Уральские авиалинии, IrAero, Ред Вингс, Nordwind Airlines, Smartavia",18776
17.02.2025,ДМД,НУР,01:40,07:00,"S7 Airlines, Ямал, Уральские авиалинии, Ред Вингс, Utair",18776
18.02.2025,ДМД,НУР,01:40,07:00,"S7 Airlines, Ямал, ЮВТ Аэро, Уральские авиалинии, Utair, Аэрофлот",16422
19.02.2025,ДМД,НУР,01:40,07:00,"S7 Airlines, Ямал, Уральские авиалинии, Ред Вингс, ЮВТ Аэро, Utair",18776
20.02.2025,ДМД,НУР,01:40,07:00,"S7 Airlines, Ямал, Уральские авиалинии, Ред Вингс, Utair",16422
21.02.2025,ДМД,НУР,01:45,07:20,"S7 Airlines, Ямал, Уральские авиалинии, ЮВТ Аэро, Utair",12807
22.02.2025,ДМД,НУР,01:45,07:20,"S7 Airlines, Ямал, NordStar, Utair, ЮВТ Аэро",12807
23.02.2025,ДМД,НУР,01:45,07:20,"S7 Airlines, Ямал, NordStar, Аэрофлот, Utair, Nordwind Airlines, Ред Вингс",12807
24.02.2025,ДМД,НУР,19:00,08:20,"Ямал, S7 Airlines, ЮВТ Аэро, Utair, Nordwind Airlines",15660
25.02.2025,ДМД,НУР,01:45,07:20,"S7 Airlines, Ямал, ЮВТ Аэро, Utair, Smartavia",12807
26.02.2025,ДМД,НУР,01:40,07:00,"S7 Airlines, Ямал, NordStar, Utair, Уральские авиалинии, ЮВТ Аэро",12620
27.02.2025,ДМД,НУР,01:40,07:00,"S7 Airlines, Ямал, Utair, NordStar, Ред Вингс",14672
28.02.2025,ДМД,НУР,01:40,07:00,"S7 Airlines, Ямал, Уральские авиалинии, ЮВТ Аэро, Ред Вингс, Utair",14672
01.03.2025,ДМД,НУР,01:40,07:00,"S7 Airlines, Ямал, Ред Вингс, ЮВТ Аэро, NordStar, Utair",12620
02.03.2025,ДМД,НУР,01:40,07:00,"S7 Airlines, Ямал, NordStar, Ред Вингс, Utair, Аэрофлот, Smartavia",12620
03.03.2025,ДМД,НУР,01:40,07:00,"S7 Airlines, Ямал, NordStar, Utair, Уральские авиалинии",12620
04.03.2025,ДМД,НУР,01:40,07:00,"S7 Airlines, Ямал, Utair, ЮВТ Аэро",14723
05.03.2025,ДМД,НУР,01:40,07:00,"S7 Airlines, Ямал, NordStar, Utair, Уральские авиалинии, Ред Вингс",12652
06.03.2025,ДМД,НУР,01:40,07:00,"S7 Airlines, Ямал, Utair, Ред Вингс",14723
07.03.2025,ДМД,НУР,01:40,07:00,"S7 Airlines, Ямал, Utair, Уральские авиалинии, ЮВТ Аэро, Ред Вингс",12652
08.03.2025,ДМД,НУР,01:40,07:00,"S7 Airlines, Ямал, NordStar, Utair, ЮВТ Аэро",14723
09.03.2025,ДМД,НУР,01:40,07:00,"S7 Airlines, Ямал, NordStar, Аэрофлот, Ред Вингс",14723
10.03.2025,ДМД,НУР,20:50,15:35,"S7 Airlines, NordStar, Utair, Ямал, Уральские авиалинии",15715
11.03.2025,ДМД,НУР,01:40,07:00,"S7 Airlines, Ямал, Уральские авиалинии, Utair, ЮВТ Аэро",14348
12.03.2025,ДМД,НУР,16:35,15:20,"Ямал, Уральские авиалинии, ЮВТ Аэро, Ред Вингс, S7 Airlines, Utair",20234
13.03.2025,ДМД,НУР,01:40,07:00,"S7 Airlines, Ямал, Utair",14723
14.03.2025,ДМД,НУР,13:35,11:40,"S7 Airlines, Уральские авиалинии, ЮВТ Аэро, Ямал, IrAero",18526
15.03.2025,ДМД,НУР,19:00,12:20,"S7 Airlines, ЮВТ Аэро, Ямал, IrAero, NordStar, Utair",18902
16.03.2025,ДМД,НУР,01:45,07:20,"S7 Airlines, Ямал, NordStar, Аэрофлот, Ред Вингс, Nordwind Airlines, Уральские авиалинии",20735
17.03.2025,ДМД,НУР,19:00,08:20,"S7 Airlines, Ямал, ЮВТ Аэро, Utair",19350
18.03.2025,ДМД,НУР,01:40,07:00,"S7 Airlines, Ямал, ЮВТ Аэро, NordStar, Аэрофлот, Utair, Nordwind Airlines",17829
19.03.2025,ДМД,НУР,01:40,07:00,"S7 Airlines, Ямал, Utair, Уральские авиалинии, Ред Вингс, ЮВТ Аэро",14723
20.03.2025,ДМД,НУР,01:40,07:00,"S7 Airlines, Ямал, Utair, Ред Вингс",16422
21.03.2025,ДМД,НУР,01:40,07:00,"S7 Airlines, Ямал, Ред Вингс, ЮВТ Аэро, Уральские авиалинии, Utair",12230
22.03.2025,ДМД,НУР,01:40,07:00,"S7 Airlines, Ямал, Уральские авиалинии, ЮВТ Аэро, NordStar, Utair",12652
23.03.2025,ДМД,НУР,01:45,07:20,"S7 Airlines, Ямал, Ред Вингс, Utair",12915
24.03.2025,ДМД,НУР,20:50,15:35,"S7 Airlines, Ямал, NordStar, Utair, Уральские авиалинии, Ред Вингс",20402
25.03.2025,ДМД,НУР,01:40,07:00,"S7 Airlines, Ямал, ЮВТ Аэро, Utair",16422
26.03.2025,ДМД,НУР,01:40,07:00,"S7 Airlines, Ямал, Utair, Уральские авиалинии, ЮВТ Аэро",16422
27.03.2025,ДМД,НУР,01:40,07:00,"S7 Airlines, Ямал, Utair, Ред Вингс",16422
28.03.2025,ДМД,НУР,01:40,07:00,"S7 Airlines, Ямал, Ред Вингс, Utair, Уральские авиалинии, Smartavia",16422
29.03.2025,ДМД,НУР,01:40,07:00,"S7 Airlines, Ямал, NordStar, Utair",16422
30.03.2025,ДМД,НУР,01:40,07:00,"S7 Airlines, Ямал, Ред Вингс, Utair, Победа",16422
31.03.2025,ДМД,НУР,01:40,07:00,"S7 Airlines, Ямал, Победа, Utair",16422
01.04.2025,ДМД,НУР,01:40,07:00,"S7 Airlines, Ямал, NordStar, Аэрофлот, Utair",16422
02.04.2025,ДМД,НУР,01:40,07:00,"S7 Airlines, Ямал, NordStar, Utair",16422
03.04.2025,ДМД,НУР,01:40,07:00,"S7 Airlines, Ямал, Ред Вингс, Utair",16422
04.04.2025,ДМД,НУР,01:40,07:00,"S7 Airlines, Ямал, NordStar, Аэрофлот, Utair, Уральские авиалинии",16422
05.04.2025,ДМД,НУР,01:40,07:00,"S7 Airlines, Ямал, Победа, Utair, NordStar",16422
06.04.2025,ДМД,НУР,01:40,07:00,"S7 Airlines, Ямал, Уральские авиалинии, Utair, Ред Вингс",16422
07.04.2025,ДМД,НУР,01:40,07:00,"S7 Airlines, Ямал, Utair",16422
08.04.2025,ДМД,НУР,01:40,07:00,"S7 Airlines, Ямал, Utair",16422
09.04.2025,ДМД,НУР,01:40,07:00,"S7 Airlines, Ямал, NordStar, Utair, Ред Вингс",16422
10.04.2025,ДМД,НУР,01:40,07:00,"S7 Airlines, Ямал, Ред Вингс, Utair",16422
11.04.2025,ДМД,НУР,01:40,07:00,"S7 Airlines, Ямал, NordStar, Аэрофлот, Utair, Уральские авиалинии",16422
12.04.2025,ДМД,НУР,01:40,07:00,"S7 Airlines, Ямал, NordStar, Utair",16422
13.04.2025,ДМД,НУР,01:40,07:00,"S7 Airlines, Ямал, Ред Вингс, Utair",16422
14.04.2025,ДМД,НУР,01:40,07:00,"S7 Airlines, Ямал, Уральские авиалинии, Аэрофлот, Utair",16422
15.04.2025,ДМД,НУР,01:40,07:00,"S7 Airlines, Ямал, NordStar, Аэрофлот, Utair",19901
16.04.2025,ДМД,НУР,01:40,07:00,"S7 Airlines, Ямал, NordStar, Ред Вингс, Utair",16422
17.04.2025,ДМД,НУР,01:40,07:00,"S7 Airlines, Ямал, Ред Вингс, Utair",16422
18.04.2025,ДМД,НУР,01:40,07:00,"S7 Airlines, Ямал, NordStar, Аэрофлот, Utair, Уральские авиалинии",16422
19.04.2025,ДМД,НУР,01:40,07:00,"S7 Airlines, Ямал, NordStar, Utair",16422
20.04.2025,ДМД,НУР,01:40,07:00,"S7 Airlines, Ямал, Utair, Ред Вингс, Nordwind Airlines",16422
21.04.2025,ДМД,НУР,01:40,07:00,"S7 Airlines, Ямал, Utair",16422
22.04.2025,ДМД,НУР,01:40,07:00,"S7 Airlines, Ямал, Utair, NordStar, Аэрофлот",16422
23.04.2025,ДМД,НУР,01:40,07:00,"S7 Airlines, Ямал, NordStar, Utair, Уральские авиалинии",16422
24.04.2025,ДМД,НУР,01:40,07:00,"S7 Airlines, Ямал, Utair, Ред Вингс",16422
25.04.2025,ДМД,НУР,01:40,07:00,"S7 Airlines, Ямал, Utair, Уральские авиалинии, Аэрофлот, NordStar",16422
26.04.2025,ДМД,НУР,01:40,07:00,"S7 Airlines, Ямал, NordStar, Utair",16422
27.04.2025,ДМД,НУР,01:40,07:00,"S7 Airlines, Ямал, Ред Вингс, Utair",16422
28.04.2025,ДМД,НУР,01:40,07:00,"S7 Airlines, Ямал, Utair",16422
29.04.2025,ДМД,НУР,01:40,07:00,"S7 Airlines, Ямал, NordStar, Аэрофлот, Utair, Ред Вингс",16422
30.04.2025,ДМД,НУР,01:40,07:00,"S7 Airlines, Ямал, NordStar, Utair",16422
01.05.2025,ДМД,НУР,01:40,07:00,"S7 Airlines, Ямал, Utair",16422
02.05.2025,ДМД,НУР,01:40,07:00,"S7 Airlines, Ямал, NordStar, Аэрофлот, Utair",16422
03.05.2025,ДМД,НУР,01:40,07:00,"S7 Airlines, Ямал, Utair",16422
04.05.2025,ДМД,НУР,01:40,07:00,"S7 Airlines, Ямал, NordStar, Utair, Ред Вингс",16422
05.05.2025,ДМД,НУР,01:40,07:00,"S7 Airlines, Ямал, Utair",16422
06.05.2025,ДМД,НУР,01:40,07:00,"S7 Airlines, Ямал, NordStar, Utair, Ред Вингс, Аэрофлот",16422
07.05.2025,ДМД,НУР,01:40,07:00,"S7 Airlines, Ямал, NordStar, Utair",16422
08.05.2025,ДМД,НУР,01:40,07:00,"S7 Airlines, Ямал, Ред Вингс, Utair",16422
09.05.2025,ДМД,НУР,01:40,07:00,"S7 Airlines, Ямал, NordStar, Utair",16422
10.05.2025,ДМД,НУР,01:40,07:00,"S7 Airlines, Ямал, Utair",16422
11.05.2025,ДМД,НУР,01:40,07:00,"S7 Airlines, Ямал, NordStar, Utair, Ред Вингс",16422
10.02.2025,НУР,ДМД,08:20,10:15,"S7 Airlines, Ямал, Ред Вингс",15337
11.02.2025,НУР,ДМД,16:55,18:35,"S7 Airlines, Ямал, Utair, Уральские авиалинии",14672
12.02.2025,НУР,ДМД,08:20,10:15,"S7 Airlines, Ямал, ЮВТ Аэро, Utair, NordStar",12807
13.02.2025,НУР,ДМД,16:55,18:35,"S7 Airlines, Ямал, ЮВТ Аэро, Уральские авиалинии, NordStar",15698
14.02.2025,НУР,ДМД,08:20,10:15,"S7 Airlines, Ямал, Utair, NordStar, Ред Вингс, Уральские авиалинии",12807
15.02.2025,НУР,ДМД,16:55,18:35,"Ямал, S7 Airlines, Ред Вингс, NordStar, IrAero, Utair, Уральские авиалинии",12620
16.02.2025,НУР,ДМД,16:55,18:35,"Ямал, S7 Airlines, Ред Вингс, NordStar, Utair, IrAero",12620
17.02.2025,НУР,ДМД,16:55,18:35,"Ямал, S7 Airlines, Ред Вингс, IrAero, Уральские авиалинии, Utair",12620
18.02.2025,НУР,ДМД,16:55,18:35,"S7 Airlines, Ямал, Ред Вингс, Уральские авиалинии",12620
19.02.2025,НУР,ДМД,16:55,18:35,"S7 Airlines, Ямал, ЮВТ Аэро, Utair, NordStar",12620
20.02.2025,НУР,ДМД,16:55,18:35,"S7 Airlines, Ямал, Аэрофлот, Уральские авиалинии, Ред Вингс",15698
21.02.2025,НУР,ДМД,16:55,18:35,"S7 Airlines, Utair, NordStar",12485
22.02.2025,НУР,ДМД,16:55,18:35,"S7 Airlines, Utair, Уральские авиалинии",12485
23.02.2025,НУР,ДМД,16:55,18:35,"S7 Airlines, Utair, ЮВТ Аэро, Уральские авиалинии",12485
24.02.2025,НУР,ДМД,16:55,18:35,"S7 Airlines, Utair, NordStar",14602
25.02.2025,НУР,ДМД,16:55,18:35,"S7 Airlines, Ямал, Utair, NordStar",12620
26.02.2025,НУР,ДМД,16:55,18:35,"S7 Airlines, Ямал, Utair, NordStar, ЮВТ Аэро",12620
27.02.2025,НУР,ДМД,16:55,18:35,"S7 Airlines, Ямал, ЮВТ Аэро, NordStar, Уральские авиалинии",12620
28.02.2025,НУР,ДМД,16:55,18:35,"S7 Airlines, Ямал, Utair, NordStar",12620
01.03.2025,НУР,ДМД,08:20,10:15,"S7 Airlines, Ямал, Ред Вингс, NordStar, Utair, Уральские авиалинии",15445
02.03.2025,НУР,ДМД,08:20,10:15,"S7 Airlines, Ямал, Utair, ЮВТ Аэро, NordStar, Уральские авиалинии",12915
03.03.2025,НУР,ДМД,08:20,10:15,"S7 Airlines, Ямал, Utair, NordStar, Ред Вингс, Уральские авиалинии",12915
04.03.2025,НУР,ДМД,08:20,10:15,"S7 Airlines, Ямал, Utair, NordStar",12915
05.03.2025,НУР,ДМД,08:20,10:15,"S7 Airlines, Ямал, Utair, NordStar",12915
06.03.2025,НУР,ДМД,08:20,10:15,"S7 Airlines, Ямал, Utair, NordStar, ЮВТ Аэро, Уральские авиалинии",12915
07.03.2025,НУР,ДМД,08:20,10:15,"S7 Airlines, Ямал, Utair, NordStar",12915
08.03.2025,НУР,ДМД,08:20,10:15,"S7 Airlines, Ямал, Utair, Ред Вингс, NordStar, Nordwind Airlines",15445
09.03.2025,НУР,ДМД,08:20,10:15,"S7 Airlines, Ямал, Utair, ЮВТ Аэро, Ред Вингс",12915
10.03.2025,НУР,ДМД,08:20,10:15,"S7 Airlines, Ямал, Utair",12915
11.03.2025,НУР,ДМД,08:20,10:15,"S7 Airlines, Ямал, Utair, NordStar",12915
12.03.2025,НУР,ДМД,08:20,10:15,"S7 Airlines, Ямал, Utair, NordStar",12915
13.03.2025,НУР,ДМД,08:20,10:15,"S7 Airlines, Ямал, Utair, ЮВТ Аэро, NordStar, Уральские авиалинии",15445
14.03.2025,НУР,ДМД,08:20,10:15,"S7 Airlines, Ямал, Utair, NordStar",12915
15.03.2025,НУР,ДМД,16:30,21:55,"S7 Airlines, Utair, Ямал, Ред Вингс, NordStar, Nordwind Airlines, IrAero",15788
16.03.2025,НУР,ДМД,16:55,18:35,"S7 Airlines, Ямал, ЮВТ Аэро, Уральские авиалинии, Utair",16422
17.03.2025,НУР,ДМД,16:55,18:35,"S7 Airlines, Ямал, IrAero, Ред Вингс, Utair",16422
18.03.2025,НУР,ДМД,08:20,10:15,"S7 Airlines, Ямал, Utair, Ред Вингс, Уральские авиалинии",15445
19.03.2025,НУР,ДМД,08:20,10:15,"S7 Airlines, Ямал, ЮВТ Аэро, Utair, NordStar",12915
20.03.2025,НУР,ДМД,08:20,10:15,"S7 Airlines, Ямал, ЮВТ Аэро, NordStar, Utair, Уральские авиалинии",15445
21.03.2025,НУР,ДМД,16:55,18:35,"S7 Airlines, Ямал, Utair, NordStar",16422
22.03.2025,НУР,ДМД,16:55,18:35,"S7 Airlines, Ямал, Ред Вингс, Уральские авиалинии, NordStar, Utair",16422
23.03.2025,НУР,ДМД,16:55,18:35,"S7 Airlines, Ямал, ЮВТ Аэро, Utair, Уральские авиалинии",16422
24.03.2025,НУР,ДМД,16:55,18:35,"S7 Airlines, Ямал, Utair, NordStar, Ред Вингс",16422
25.03.2025,НУР,ДМД,16:55,18:35,"S7 Airlines, Ямал, Utair, Ред Вингс, Уральские авиалинии",16422
26.03.2025,НУР,ДМД,16:55,18:35,"S7 Airlines, Ямал, ЮВТ Аэро, Utair, NordStar",16422
27.03.2025,НУР,ДМД,16:55,18:35,"S7 Airlines, Ямал, Utair, NordStar, ЮВТ Аэро, Уральские авиалинии",16422
28.03.2025,НУР,ДМД,16:55,18:35,"S7 Airlines, Ямал, Utair, NordStar",16422
29.03.2025,НУР,ДМД,16:55,18:35,"S7 Airlines, Ямал, Ред Вингс, NordStar, Utair",16422
30.03.2025,НУР,ДМД,08:20,10:05,"S7 Airlines, Utair, Ред Вингс",17680
31.03.2025,НУР,ДМД,16:55,18:35,"S7 Airlines, Ямал, Ред Вингс, Utair, Nordwind Airlines",16422
01.04.2025,НУР,ДМД,16:55,18:35,"S7 Airlines, Ямал, Utair",16422
02.04.2025,НУР,ДМД,16:55,18:35,"S7 Airlines, Ямал, Utair, NordStar, Уральские авиалинии, Nordwind Airlines",16422
03.04.2025,НУР,ДМД,16:55,18:35,"S7 Airlines, Ямал, Utair, NordStar",16422
04.04.2025,НУР,ДМД,16:55,18:35,"S7 Airlines, Ямал, Ред Вингс, Utair, NordStar",16422
05.04.2025,НУР,ДМД,16:55,18:35,"S7 Airlines, Ямал, Utair",16422
06.04.2025,НУР,ДМД,16:55,18:35,"S7 Airlines, Ямал, Utair, Уральские авиалинии",16422
07.04.2025,НУР,ДМД,16:55,18:35,"S7 Airlines, Ямал, Ред Вингс, NordStar, Utair",16422
08.04.2025,НУР,ДМД,16:55,18:35,"S7 Airlines, Ямал, Utair",16422
09.04.2025,НУР,ДМД,16:55,18:35,"S7 Airlines, Ямал, Utair, NordStar",16422
10.04.2025,НУР,ДМД,16:55,18:35,"S7 Airlines, Ямал, Utair, NordStar",16422
11.04.2025,НУР,ДМД,16:55,18:35,"S7 Airlines, Ямал, Ред Вингс, Utair, NordStar",16422
12.04.2025,НУР,ДМД,16:55,18:35,"S7 Airlines, Ямал, Utair, Аэрофлот",16422
13.04.2025,НУР,ДМД,16:55,18:35,"S7 Airlines, Ямал, Utair",16422
14.04.2025,НУР,ДМД,16:55,18:35,"S7 Airlines, Ямал, Ред Вингс, NordStar, Utair",16422
15.04.2025,НУР,ДМД,08:20,10:05,"S7 Airlines, Ямал, Utair",17680
16.04.2025,НУР,ДМД,16:55,18:35,"S7 Airlines, Ямал, Utair, NordStar, Аэрофлот",19901
17.04.2025,НУР,ДМД,16:55,18:35,"S7 Airlines, Ямал, Utair, NordStar",19901
18.04.2025,НУР,ДМД,16:55,18:35,"S7 Airlines, Ямал, Ред Вингс, Utair, NordStar",19901
19.04.2025,НУР,ДМД,16:55,18:35,"S7 Airlines, Ямал, Utair, Аэрофлот, Азимут",16422
20.04.2025,НУР,ДМД,16:55,18:35,"S7 Airlines, Ямал, Utair",16422
21.04.2025,НУР,ДМД,16:55,18:35,"S7 Airlines, Ямал, Utair, Ред Вингс",16422
22.04.2025,НУР,ДМД,16:55,18:35,"S7 Airlines, Ямал, Utair, Ред Вингс, Уральские авиалинии",16422
23.04.2025,НУР,ДМД,16:55,18:35,"S7 Airlines, Ямал, Utair",16422
24.04.2025,НУР,ДМД,16:55,18:35,"S7 Airlines, Ямал, Utair, NordStar",16422
25.04.2025,НУР,ДМД,16:15,17:25,"S7 Airlines, Utair, NordStar, Ямал",17498
26.04.2025,НУР,ДМД,16:55,18:35,"S7 Airlines, Ямал, Utair, Аэрофлот",16422
27.04.2025,НУР,ДМД,16:55,18:35,"S7 Airlines, Ямал, Utair",16422
28.04.2025,НУР,ДМД,16:55,18:35,"S7 Airlines, Ямал, Utair, Ред Вингс",16422
29.04.2025,НУР,ДМД,16:55,18:35,"S7 Airlines, Ямал, Utair",16422
30.04.2025,НУР,ДМД,08:20,10:05,"S7 Airlines, Ямал, Utair, Ред Вингс",17680
01.05.2025,НУР,ДМД,16:55,18:35,"S7 Airlines, Ямал, Utair, NordStar, Ред Вингс, Уральские авиалинии",16422
02.05.2025,НУР,ДМД,16:55,18:35,"S7 Airlines, Ямал, Ред Вингс, Utair",16422
03.05.2025,НУР,ДМД,16:55,18:35,"S7 Airlines, Ямал, Utair, NordStar",16422
04.05.2025,НУР,ДМД,16:55,18:35,"S7 Airlines, Ямал, Utair, Уральские авиалинии",16422
05.05.2025,НУР,ДМД,16:55,18:35,"S7 Airlines, Ямал, Ред Вингс, Utair, NordStar",16422
06.05.2025,НУР,ДМД,16:55,18:35,"S7 Airlines, Ямал, Utair",16422
07.05.2025,НУР,ДМД,16:55,18:35,"S7 Airlines, Ямал, Utair",16422
08.05.2025,НУР,ДМД,16:55,18:35,"S7 Airlines, Ямал, Utair, NordStar",16422
09.05.2025,НУР,ДМД,16:55,18:35,"S7 Airlines, Ямал, Ред Вингс, Utair, Уральские авиалинии",16422
10.05.2025,НУР,ДМД,16:55,18:35,"S7 Airlines, Ямал, Utair, NordStar, Аэрофлот",16422
11.05.2025,НУР,ДМД,16:55,18:35,"S7 Airlines, Ямал, Utair, Уральские авиалинии",16422
10.02.2025,УФА,НУР,12:55,15:35,"Utair, Ред Вингс, Аэрофлот",26461
11.02.2025,УФА,НУР,12:55,15:35,"Utair, Nordwind Airlines, Ред Вингс, S7 Airlines, NordStar, Аэрофлот",18860
12.02.2025,УФА,НУР,05:35,15:30,"Победа, Ред Вингс, Ямал, Utair",19099
13.02.2025,УФА,НУР,12:35,15:20,"Utair, Аэрофлот, Азимут, IrAero, Ред Вингс",18860
14.02.2025,УФА,НУР,12:35,15:20,"Utair, Аэрофлот, S7 Airlines, IrAero, ЮВТ Аэро, Nordwind Airlines, Ред Вингс",18860
15.02.2025,УФА,НУР,23:05,12:20,"Nordwind Airlines, ЮВТ Аэро, Ред Вингс, Utair, IrAero",17286
16.02.2025,УФА,НУР,05:15,08:00,"IrAero, Utair, Ред Вингс, Nordwind Airlines, Аэрофлот",15000
17.02.2025,УФА,НУР,04:40,07:05,"Ред Вингс, IrAero, Utair, Азимут, ЮВТ Аэро, Аэрофлот",11000
18.02.2025,УФА,НУР,12:55,15:35,"Utair, Аэрофлот, NordStar, ЮВТ Аэро",14708
19.02.2025,УФА,НУР,20:30,08:05,"Ред Вингс, Utair, Победа, Аэрофлот",14425
20.02.2025,УФА,НУР,12:35,15:20,"Utair, NordStar, S7 Airlines, Победа",14085
21.02.2025,УФА,НУР,07:10,09:30,"Utair, Аэрофлот, Победа, S7 Airlines",12455
22.02.2025,УФА,НУР,12:55,15:35,"Utair, Аэрофлот, Nordwind Airlines, ЮВТ Аэро, S7 Airlines, Уральские авиалинии",7440
23.02.2025,УФА,НУР,12:55,15:35,"Utair, Ямал, Азимут, Аэрофлот, Победа, Nordwind Airlines",9517
24.02.2025,УФА,НУР,12:55,15:35,"Utair, Аэрофлот, ЮВТ Аэро, S7 Airlines, Победа",9517
25.02.2025,УФА,НУР,12:55,15:35,"Utair, Аэрофлот, ЮВТ Аэро, Победа, Ред Вингс",10555
26.02.2025,УФА,НУР,12:55,15:35,"Utair, Ямал, Ред Вингс, Победа, Аэрофлот",9517
27.02.2025,УФА,НУР,12:35,15:20,"Utair, Победа",9517
28.02.2025,УФА,НУР,12:35,15:20,"Utair, Ямал, Аэрофлот, S7 Airlines, ЮВТ Аэро",9517
01.03.2025,УФА,НУР,09:45,12:30,"Ред Вингс, Utair, Nordwind Airlines, ЮВТ Аэро, S7 Airlines",8954
02.03.2025,УФА,НУР,12:55,15:35,"Utair, Ямал, Аэрофлот, Победа, S7 Airlines",9517
03.03.2025,УФА,НУР,12:55,15:35,"Utair, Аэрофлот, Nordwind Airlines, ЮВТ Аэро",9517
04.03.2025,УФА,НУР,12:55,15:35,"Utair, Аэрофлот, ЮВТ Аэро, Ред Вингс, S7 Airlines",10555
05.03.2025,УФА,НУР,07:10,09:30,"Ямал, Utair, Ред Вингс, Победа, S7 Airlines",10388
06.03.2025,УФА,НУР,12:35,15:20,"Utair, S7 Airlines, Победа",9517
07.03.2025,УФА,НУР,12:35,15:20,"Utair, Ямал, Аэрофлот, ЮВТ Аэро, S7 Airlines, Победа",9517
08.03.2025,УФА,НУР,12:55,15:35,"Utair, Ред Вингс, Nordwind Airlines, ЮВТ Аэро",9517
09.03.2025,УФА,НУР,12:55,15:35,"Utair, Ямал, Аэрофлот, Азимут, Победа",9517
10.03.2025,УФА,НУР,22:40,11:20,"Utair, Аэрофлот, Nordwind Airlines, ЮВТ Аэро, Победа",16801
11.03.2025,УФА,НУР,12:55,15:35,"Utair, Аэрофлот, Ред Вингс",9517
12.03.2025,УФА,НУР,12:55,15:35,"Utair, Ямал, Ред Вингс, Победа, Азимут, Аэрофлот",9517
13.03.2025,УФА,НУР,12:35,15:20,"Utair, Ред Вингс",12631
14.03.2025,УФА,НУР,07:10,09:30,"Ямал, Utair, Аэрофлот, ЮВТ Аэро, Ред Вингс",13932
15.03.2025,УФА,НУР,23:05,12:20,"Nordwind Airlines, ЮВТ Аэро, IrAero, Ред Вингс, Utair, Аэрофлот",16439
16.03.2025,УФА,НУР,07:10,09:30,"Utair, Ямал, IrAero, Победа, Ред Вингс, Азимут, Аэрофлот",13932
17.03.2025,УФА,НУР,11:25,14:10,"Ред Вингс, Utair, IrAero, Nordwind Airlines, ЮВТ Аэро",13012
18.03.2025,УФА,НУР,12:55,15:35,"Ямал, Аэрофлот, Utair, ЮВТ Аэро, Ред Вингс, Победа",14031
19.03.2025,УФА,НУР,07:10,09:30,"Ямал, Utair, Ред Вингс, Азимут, Аэрофлот",13932
20.03.2025,УФА,НУР,12:35,15:20,"Utair, S7 Airlines",11593
21.03.2025,УФА,НУР,07:10,09:30,"Utair, Аэрофлот, ЮВТ Аэро, Победа",11455
22.03.2025,УФА,НУР,12:55,15:35,"Utair, Ред Вингс, Аэрофлот, Nordwind Airlines, ЮВТ Аэро, S7 Airlines, Победа",10555
23.03.2025,УФА,НУР,07:10,09:30,"Ямал, Utair, Ред Вингс, Азимут, Аэрофлот, Nordwind Airlines",13932
24.03.2025,УФА,НУР,12:55,15:35,"Utair, Ред Вингс, Nordwind Airlines, ЮВТ Аэро, S7 Airlines, Аэрофлот",14085
25.03.2025,УФА,НУР,12:55,15:35,"Ямал, Аэрофлот, Utair, ЮВТ Аэро, Ред Вингс, S7 Airlines",14031
26.03.2025,УФА,НУР,07:10,09:30,"Ямал, Utair, Ред Вингс, S7 Airlines, Азимут, Аэрофлот",13932
27.03.2025,УФА,НУР,12:35,15:20,"Utair, S7 Airlines, Ямал",11593
28.03.2025,УФА,НУР,07:10,09:30,"Utair, Аэрофлот, S7 Airlines",11455
29.03.2025,УФА,НУР,09:45,12:30,"Ред Вингс, Utair, Аэрофлот, Победа, NordStar, S7 Airlines",10764
30.03.2025,УФА,НУР,07:05,09:30,"Ямал, Utair, Ред Вингс",15682
31.03.2025,УФА,НУР,12:40,15:15,"Utair, S7 Airlines",15746
01.04.2025,УФА,НУР,12:40,15:15,"Utair, S7 Airlines",15746
02.04.2025,УФА,НУР,07:05,09:30,"Ямал, Utair, S7 Airlines, Аэрофлот, Ред Вингс, Победа",15682
03.04.2025,УФА,НУР,12:40,15:15,Utair,15746
04.04.2025,УФА,НУР,07:05,09:30,"Ямал, Utair, Ред Вингс, S7 Airlines, Уральские авиалинии, Аэрофлот",15682
05.04.2025,УФА,НУР,22:40,11:20,"Utair, S7 Airlines, Аэрофлот, Ред Вингс",15498
06.04.2025,УФА,НУР,09:05,11:20,"Utair, Ямал, Ред Вингс, S7 Airlines",14697
07.04.2025,УФА,НУР,12:40,15:15,"Utair, S7 Airlines, Аэрофлот",15975
08.04.2025,УФА,НУР,12:40,15:15,"Utair, S7 Airlines, Аэрофлот, Ред Вингс",15975
09.04.2025,УФА,НУР,07:05,09:30,"Ямал, Utair, Победа, Ред Вингс, S7 Airlines, Аэрофлот",15682
10.04.2025,УФА,НУР,12:40,15:15,"Utair, S7 Airlines",15746
11.04.2025,УФА,НУР,07:05,09:30,"Ямал, Utair, Ред Вингс, Уральские авиалинии, Аэрофлот, S7 Airlines",15682
12.04.2025,УФА,НУР,12:40,15:15,"Utair, Победа, Ред Вингс, Аэрофлот, S7 Airlines",15746
13.04.2025,УФА,НУР,07:05,09:30,"Ямал, Utair",15682
14.04.2025,УФА,НУР,12:40,15:15,"Utair, Аэрофлот, Ред Вингс",15746
15.04.2025,УФА,НУР,12:40,15:15,"Utair, Ред Вингс, Аэрофлот, S7 Airlines",17199
16.04.2025,УФА,НУР,07:05,09:30,"Ямал, Utair, Аэрофлот, Ред Вингс, S7 Airlines",15682
17.04.2025,УФА,НУР,12:40,15:15,"Utair, S7 Airlines",15746
18.04.2025,УФА,НУР,07:05,09:30,"Ямал, Utair, S7 Airlines, Ред Вингс, Уральские авиалинии, Аэрофлот",15682
19.04.2025,УФА,НУР,12:40,15:15,"Utair, Победа, Ред Вингс, Аэрофлот, S7 Airlines",15746
20.04.2025,УФА,НУР,07:05,09:30,"Ямал, Utair, S7 Airlines",15682
21.04.2025,УФА,НУР,12:40,15:15,"Utair, S7 Airlines",10555
22.04.2025,УФА,НУР,12:40,15:15,"Utair, S7 Airlines, Аэрофлот, Ред Вингс",10555
23.04.2025,УФА,НУР,07:05,09:30,"Ямал, Utair, S7 Airlines, Аэрофлот, Ред Вингс",10388
24.04.2025,УФА,НУР,12:40,15:15,"Utair, S7 Airlines, Азимут",10555
25.04.2025,УФА,НУР,07:05,09:30,"Ямал, Utair, S7 Airlines, Уральские авиалинии, Аэрофлот, Ред Вингс",10388
26.04.2025,УФА,НУР,12:40,15:15,"Utair, Аэрофлот, Ред Вингс, NordStar, S7 Airlines, Победа",14085
27.04.2025,УФА,НУР,07:05,09:30,"Ямал, Utair, S7 Airlines",13932
28.04.2025,УФА,НУР,12:40,15:15,"Utair, S7 Airlines, Азимут",14084
29.04.2025,УФА,НУР,12:40,15:15,"Utair, S7 Airlines, Nordwind Airlines, Аэрофлот",14084
30.04.2025,УФА,НУР,07:05,09:30,"Ямал, Utair, S7 Airlines, Ред Вингс",13932
01.05.2025,УФА,НУР,12:40,15:15,"Utair, S7 Airlines",14084
02.05.2025,УФА,НУР,07:05,09:30,"Ямал, Utair, S7 Airlines, Ред Вингс, Уральские авиалинии, Аэрофлот",13932
03.05.2025,УФА,НУР,12:40,15:15,"Utair, Nordwind Airlines, Ред Вингс, Азимут, S7 Airlines",14084
04.05.2025,УФА,НУР,07:05,09:30,"Ямал, Utair, S7 Airlines",13932
05.05.2025,УФА,НУР,12:40,15:15,"Utair, S7 Airlines",14084
06.05.2025,УФА,НУР,12:40,15:15,"Utair, S7 Airlines",14084
07.05.2025,УФА,НУР,07:05,09:30,"Ямал, Utair, S7 Airlines, Ред Вингс",13932
08.05.2025,УФА,НУР,12:40,15:15,"Utair, S7 Airlines",14708
09.05.2025,УФА,НУР,07:05,09:30,"Ямал, Utair, S7 Airlines, Ред Вингс, Аэрофлот, Уральские авиалинии",13932
10.05.2025,УФА,НУР,12:40,15:15,"Utair, Nordwind Airlines, Ред Вингс, S7 Airlines, Аэрофлот",15746
11.05.2025,УФА,НУР,07:05,09:30,"Ямал, Utair, Ред Вингс",15682
10.02.2025,НУР,УФА,16:30,19:30,"Utair, Аэрофлот, Азимут, Победа, Ред Вингс",15746
11.02.2025,НУР,УФА,16:30,19:30,"Utair, Аэрофлот, Победа",14708
12.02.2025,НУР,УФА,16:45,19:45,"Utair, ЮВТ Аэро, Аэрофлот, S7 Airlines, Победа",14708
13.02.2025,НУР,УФА,11:15,17:35,"ЮВТ Аэро, Utair, Аэрофлот, Ред Вингс, Победа, Nordwind Airlines",11882
14.02.2025,НУР,УФА,16:15,19:20,"Utair, Аэрофлот, S7 Airlines, Победа, IrAero",9517
15.02.2025,НУР,УФА,16:00,19:00,"IrAero, Utair, Ред Вингс, Победа",7950
16.02.2025,НУР,УФА,16:55,03:20,"Utair, Победа, IrAero, Аэрофлот",17376
17.02.2025,НУР,УФА,15:00,18:10,"Ред Вингс, IrAero, Utair, Победа, Аэрофлот",13048
18.02.2025,НУР,УФА,16:55,03:20,"Utair, Аэрофлот, Победа",17383
19.02.2025,НУР,УФА,16:45,19:45,"Utair, ЮВТ Аэро, Победа",14708
20.02.2025,НУР,УФА,09:15,03:50,"Ред Вингс, Победа, Utair, Аэрофлот",18050
21.02.2025,НУР,УФА,10:40,13:20,"Ямал, Utair, Аэрофлот, Победа, S7 Airlines",10388
22.02.2025,НУР,УФА,16:30,19:30,"Utair, Аэрофлот, Победа",12631
23.02.2025,НУР,УФА,10:40,13:20,"Ямал, Utair, Аэрофлот, Победа, S7 Airlines, NordStar",13932
24.02.2025,НУР,УФА,16:30,19:30,"Utair, Аэрофлот, Победа",9581
25.02.2025,НУР,УФА,16:55,03:50,"Utair, Аэрофлот, Победа",17209
26.02.2025,НУР,УФА,16:45,19:45,"Utair, Ямал, ЮВТ Аэро, Победа",9517
27.02.2025,НУР,УФА,16:15,19:30,"Utair, ЮВТ Аэро, Аэрофлот, Ред Вингс, Победа",9517
28.02.2025,НУР,УФА,16:15,19:20,"Utair, Ямал, Аэрофлот, Победа, S7 Airlines",9517
01.03.2025,НУР,УФА,13:25,16:25,"Ред Вингс, Utair, Аэрофлот, S7 Airlines, Победа",10764
02.03.2025,НУР,УФА,16:45,19:45,"Utair, Ямал, Аэрофлот, ЮВТ Аэро, Nordwind Airlines, S7 Airlines",9517
03.03.2025,НУР,УФА,16:30,19:30,"Utair, Аэрофлот, S7 Airlines, Победа",9517
04.03.2025,НУР,УФА,16:30,19:30,"Utair, Аэрофлот, S7 Airlines",10555
05.03.2025,НУР,УФА,10:40,13:20,"Ямал, Utair, ЮВТ Аэро, S7 Airlines, NordStar",10388
06.03.2025,НУР,УФА,16:15,19:30,"Utair, ЮВТ Аэро, Ред Вингс, S7 Airlines",9517
07.03.2025,НУР,УФА,16:15,19:20,"Utair, Ямал, S7 Airlines",9517
08.03.2025,НУР,УФА,16:30,19:30,"Utair, Ред Вингс, S7 Airlines, NordStar, Победа",10555
09.03.2025,НУР,УФА,10:40,13:20,"Ямал, Utair, Аэрофлот, ЮВТ Аэро, Nordwind Airlines, Ред Вингс",10388
10.03.2025,НУР,УФА,16:30,19:30,"Utair, Аэрофлот, S7 Airlines",14708
11.03.2025,НУР,УФА,16:30,19:30,"Utair, Аэрофлот, S7 Airlines",14085
12.03.2025,НУР,УФА,10:40,13:20,"Ямал, Utair, Аэрофлот, ЮВТ Аэро, S7 Airlines",10388
13.03.2025,НУР,УФА,16:15,19:30,"Utair, ЮВТ Аэро, Аэрофлот, Ред Вингс, Победа",9517
14.03.2025,НУР,УФА,16:15,19:20,"Utair, Ямал, Аэрофлот, S7 Airlines",9517
15.03.2025,НУР,УФА,16:30,19:30,"Utair, IrAero, Ред Вингс",9517
16.03.2025,НУР,УФА,16:45,19:45,"Utair, IrAero, Аэрофлот, ЮВТ Аэро, Nordwind Airlines",14708
17.03.2025,НУР,УФА,15:00,18:10,"Ред Вингс, IrAero, Utair",13039
18.03.2025,НУР,УФА,16:00,19:35,"Ред Вингс, Utair, Аэрофлот, Победа, Smartavia",14312
19.03.2025,НУР,УФА,10:40,13:20,"Ямал, Utair, Аэрофлот, ЮВТ Аэро, S7 Airlines",13932
20.03.2025,НУР,УФА,11:15,17:35,"ЮВТ Аэро, Utair, Аэрофлот, Ред Вингс, Победа",10922
21.03.2025,НУР,УФА,10:40,13:20,"Ямал, Utair, Аэрофлот",12455
22.03.2025,НУР,УФА,13:25,16:25,"Ред Вингс, Utair",10649
23.03.2025,НУР,УФА,10:40,13:20,"Ямал, Utair, Аэрофлот, ЮВТ Аэро, Nordwind Airlines, Ред Вингс",13932
24.03.2025,НУР,УФА,16:30,19:30,"Utair, Аэрофлот, Ред Вингс",14085
25.03.2025,НУР,УФА,16:30,19:30,"Ямал, Ред Вингс, Utair, S7 Airlines, Победа",14031
26.03.2025,НУР,УФА,10:40,13:20,"Ямал, Utair, ЮВТ Аэро, S7 Airlines, Ред Вингс",13932
27.03.2025,НУР,УФА,16:15,19:30,"Utair, ЮВТ Аэро, Ред Вингс, Победа, S7 Airlines",10555
28.03.2025,НУР,УФА,10:40,13:20,"Utair, S7 Airlines",11455
29.03.2025,НУР,УФА,16:30,19:30,"Utair, Ред Вингс",12631
30.03.2025,НУР,УФА,10:40,13:20,"Ямал, Utair, S7 Airlines, Ред Вингс, Победа, Nordwind Airlines",15682
31.03.2025,НУР,УФА,16:15,19:05,Utair,15746
01.04.2025,НУР,УФА,16:15,19:05,"Utair, S7 Airlines",15746
02.04.2025,НУР,УФА,10:40,13:20,"Ямал, Utair, S7 Airlines, Аэрофлот",15682
03.04.2025,НУР,УФА,16:15,19:05,"Utair, S7 Airlines, Ред Вингс, Аэрофлот, Победа",15746
04.04.2025,НУР,УФА,10:40,13:20,"Ямал, Utair, S7 Airlines",15682
05.04.2025,НУР,УФА,16:15,19:05,"Utair, S7 Airlines, Аэрофлот, Азимут",15746
06.04.2025,НУР,УФА,10:40,13:20,"Ямал, Utair, Ред Вингс, S7 Airlines",15682
07.04.2025,НУР,УФА,16:15,19:05,"Utair, S7 Airlines",15975
08.04.2025,НУР,УФА,16:15,19:05,"Utair, S7 Airlines",15975
09.04.2025,НУР,УФА,10:40,13:20,"Ямал, Utair, S7 Airlines, Аэрофлот, Ред Вингс",15682
10.04.2025,НУР,УФА,16:15,19:05,"Utair, S7 Airlines, Ред Вингс, Аэрофлот, Победа",15975
11.04.2025,НУР,УФА,10:40,13:20,"Ямал, Utair, S7 Airlines",15682
12.04.2025,НУР,УФА,16:15,19:05,"Utair, Аэрофлот, Азимут, S7 Airlines",15992
13.04.2025,НУР,УФА,10:40,13:20,"Ямал, Utair, Ред Вингс, Аэрофлот, S7 Airlines",15796
14.04.2025,НУР,УФА,16:15,19:05,"Utair, S7 Airlines",15975
15.04.2025,НУР,УФА,16:15,19:05,"Utair, S7 Airlines, Аэрофлот",15992
16.04.2025,НУР,УФА,10:40,13:20,"Ямал, Utair, Аэрофлот, Ред Вингс, S7 Airlines",15796
17.04.2025,НУР,УФА,16:15,19:05,"Utair, Ред Вингс, Аэрофлот, S7 Airlines",18285
18.04.2025,НУР,УФА,10:40,13:20,"Ямал, Utair, S7 Airlines, Ред Вингс",15796
19.04.2025,НУР,УФА,16:15,19:05,"Utair, Аэрофлот, Азимут, Ред Вингс",15746
20.04.2025,НУР,УФА,16:15,19:05,"Utair, Ямал, Ред Вингс, Аэрофлот, S7 Airlines, Nordwind Airlines",15746
21.04.2025,НУР,УФА,16:15,19:05,Utair,12631
22.04.2025,НУР,УФА,16:15,19:05,"Utair, S7 Airlines",10555
23.04.2025,НУР,УФА,16:15,19:05,"Utair, Ямал, S7 Airlines",10555
24.04.2025,НУР,УФА,16:15,19:05,"Utair, S7 Airlines",11593
25.04.2025,НУР,УФА,16:15,19:05,"Utair, Ямал, S7 Airlines",10555
26.04.2025,НУР,УФА,16:15,19:05,"Utair, Аэрофлот, Азимут",14084
27.04.2025,НУР,УФА,10:40,13:20,"Ямал, Utair, Ред Вингс, Nordwind Airlines",13932
28.04.2025,НУР,УФА,16:15,19:05,"Utair, S7 Airlines",14085
29.04.2025,НУР,УФА,16:15,19:05,"Utair, S7 Airlines",14085
30.04.2025,НУР,УФА,10:40,13:20,"Ямал, Utair, S7 Airlines, NordStar",13932
01.05.2025,НУР,УФА,16:15,19:05,"Utair, Ред Вингс, Аэрофлот, S7 Airlines",14084
02.05.2025,НУР,УФА,10:40,13:20,"Ямал, Utair, Ред Вингс, S7 Airlines",13932
03.05.2025,НУР,УФА,16:15,19:05,"Utair, Аэрофлот, Азимут, S7 Airlines",14084
04.05.2025,НУР,УФА,10:40,13:20,"Ямал, Utair, S7 Airlines",13932
05.05.2025,НУР,УФА,16:15,19:05,"Utair, S7 Airlines",14084
06.05.2025,НУР,УФА,16:15,19:05,"Utair, S7 Airlines",14084
07.05.2025,НУР,УФА,10:40,13:20,"Ямал, Utair, S7 Airlines",13932
08.05.2025,НУР,УФА,16:15,19:05,"Utair, S7 Airlines, Ред Вингс, Аэрофлот, Победа",14708
09.05.2025,НУР,УФА,16:15,19:05,"Utair, Ямал, S7 Airlines",14708
10.05.2025,НУР,УФА,16:15,19:05,"Utair, Аэрофлот, Азимут, S7 Airlines",15746
11.05.2025,НУР,УФА,10:40,13:20,"Ямал, Utair, S7 Airlines, Ред Вингс, Аэрофлот",15682
10.02.2025,МРВ,РЩН,11:15,11:00,"Уральские авиалинии, Ред Вингс, Utair, Победа, Аэрофлот, Азимут, Nordwind Airlines",9547
11.02.2025,МРВ,РЩН,15:00,11:00,"Уральские авиалинии, Ред Вингс, Аэрофлот, Победа, Utair, Азимут",7940
12.02.2025,МРВ,РЩН,12:00,14:45,"Якутия, Utair, Аэрофлот, Победа",7889
13.02.2025,МРВ,РЩН,15:00,19:20,"Аэрофлот, Уральские авиалинии, Utair, Победа, NordStar",10140
14.02.2025,МРВ,РЩН,20:10,04:40,"Победа, Азимут, Уральские авиалинии, Utair, Аэрофлот",10424
15.02.2025,МРВ,РЩН,20:00,01:25,"Utair, Аэрофлот, Победа, Уральские авиалинии",9205
16.02.2025,МРВ,РЩН,23:10,04:35,"Азимут, Ямал, Utair, Аэрофлот, Победа, Уральские авиалинии",10080
17.02.2025,МРВ,РЩН,20:10,14:45,"Аэрофлот, Победа, Utair",10977
18.02.2025,МРВ,РЩН,16:10,14:45,"Аэрофлот, Победа, Utair, NordStar",10029
19.02.2025,МРВ,РЩН,11:50,04:40,"Аэрофлот, Победа, Utair",9430
20.02.2025,МРВ,РЩН,23:55,19:20,"Аэрофлот, Utair, Победа, Уральские авиалинии",11441
21.02.2025,МРВ,РЩН,00:20,05:35,"Азимут, Уральские авиалинии, Utair, Nordwind Airlines, Победа",10880
22.02.2025,МРВ,РЩН,20:00,01:25,"Utair, Азимут, Nordwind Airlines, Уральские авиалинии",9259
23.02.2025,МРВ,РЩН,23:10,04:35,"Азимут, Ямал, Utair, Победа, NordStar, Nordwind Airlines",10680
24.02.2025,МРВ,РЩН,19:25,16:10,"Аэрофлот, Азимут, Utair, Победа, Nordwind Airlines",13254
25.02.2025,МРВ,РЩН,16:10,04:40,"Победа, Аэрофлот, Utair, NordStar",11498
26.02.2025,МРВ,РЩН,20:10,04:40,"Аэрофлот, Победа, Utair",10132
27.02.2025,МРВ,РЩН,11:50,04:40,"Победа, Аэрофлот, Utair",10132
28.02.2025,МРВ,РЩН,00:20,05:35,"Азимут, Utair, Nordwind Airlines, Победа",10880
01.03.2025,МРВ,РЩН,20:00,01:25,"Utair, Аэрофлот, Азимут, Победа",11282
02.03.2025,МРВ,РЩН,23:10,04:35,"Азимут, Ямал, Utair, Ред Вингс, Аэрофлот, Победа",10080
03.03.2025,МРВ,РЩН,19:25,16:10,"Аэрофлот, Азимут, Utair, Победа, Nordwind Airlines",10407
04.03.2025,МРВ,РЩН,14:30,04:40,"Аэрофлот, Utair, Победа",11304
05.03.2025,МРВ,РЩН,16:10,04:40,"Аэрофлот, Победа, Utair, Якутия, Азимут, Ред Вингс",11498
06.03.2025,МРВ,РЩН,11:50,01:15,"Аэрофлот, Победа, Utair",12816
07.03.2025,МРВ,РЩН,00:20,05:35,"Азимут, Utair, Nordwind Airlines, Победа",10780
08.03.2025,МРВ,РЩН,20:00,01:25,"Utair, Аэрофлот, Победа, Азимут",8167
09.03.2025,МРВ,РЩН,23:10,04:35,"Азимут, Ямал, Utair, Ред Вингс, Победа",10880
10.03.2025,МРВ,РЩН,19:25,17:45,"Аэрофлот, Азимут, Nordwind Airlines, Utair, Победа, S7 Airlines",14304
11.03.2025,МРВ,РЩН,14:30,01:15,"Аэрофлот, Utair, Победа, NordStar",11928
12.03.2025,МРВ,РЩН,14:30,01:15,"Аэрофлот, Utair, Победа, Азимут, Ред Вингс, Nordwind Airlines",11289
13.03.2025,МРВ,РЩН,14:30,01:15,"Аэрофлот, Utair, Победа",11928
14.03.2025,МРВ,РЩН,00:20,05:35,"Азимут, Utair, Nordwind Airlines, Аэрофлот, Победа",10780
15.03.2025,МРВ,РЩН,20:00,01:25,"Utair, Победа, Азимут",8167
16.03.2025,МРВ,РЩН,23:10,04:35,"Азимут, Ямал, Utair, Ред Вингс, Аэрофлот, Победа",10880
17.03.2025,МРВ,РЩН,19:25,16:10,"Азимут, Utair, Аэрофлот, Победа, Nordwind Airlines",10895
18.03.2025,МРВ,РЩН,20:05,05:55,"Аэрофлот, Победа, Utair",12653
19.03.2025,МРВ,РЩН,16:50,15:55,"Азимут, Ред Вингс, Аэрофлот, Победа, Utair, Nordwind Airlines",11689
20.03.2025,МРВ,РЩН,14:30,01:15,"Аэрофлот, Utair, Победа, NordStar",13100
21.03.2025,МРВ,РЩН,00:20,05:35,"Азимут, Utair, Nordwind Airlines",10880
22.03.2025,МРВ,РЩН,20:00,01:25,"Utair, Азимут, Победа",9205
23.03.2025,МРВ,РЩН,23:10,04:35,"Азимут, Ямал, Utair, Ред Вингс, Победа, Nordwind Airlines",10880
24.03.2025,МРВ,РЩН,20:05,05:55,"Аэрофлот, Победа, Utair",12766
25.03.2025,МРВ,РЩН,20:05,05:55,"Аэрофлот, Победа, Utair",12766
26.03.2025,МРВ,РЩН,16:50,15:55,"Аэрофлот, Азимут, Ред Вингс, Utair, Победа",12278
27.03.2025,МРВ,РЩН,14:30,01:15,"Аэрофлот, Utair, Победа",13100
28.03.2025,МРВ,РЩН,00:20,05:35,"Азимут, Победа, Utair",10880
29.03.2025,МРВ,РЩН,11:50,14:50,"Победа, Utair",16103
30.03.2025,МРВ,РЩН,18:20,23:40,"Ямал, Азимут, Utair, Уральские авиалинии, Победа, S7 Airlines",10388
31.03.2025,МРВ,РЩН,00:20,05:40,"Азимут, Utair, Аэрофлот, Ред Вингс, Победа",10880
01.04.2025,МРВ,РЩН,19:35,05:15,"Аэрофлот, Utair, Уральские авиалинии, Победа",14623
02.04.2025,МРВ,РЩН,17:50,04:25,"Аэрофлот, Уральские авиалинии, Utair, Азимут, Nordwind Airlines, Победа",14821
03.04.2025,МРВ,РЩН,00:20,05:40,"Азимут, Аэрофлот, Utair, Nordwind Airlines, Победа",10880
04.04.2025,МРВ,РЩН,14:30,14:50,"Utair, Аэрофлот, Азимут, Победа",17080
05.04.2025,МРВ,РЩН,20:15,01:40,"Utair, Аэрофлот, Победа, Азимут, Nordwind Airlines, Уральские авиалинии, Smartavia",8167
06.04.2025,МРВ,РЩН,18:20,23:40,"Ямал, Азимут, Nordwind Airlines, Уральские авиалинии, Utair, Победа",10259
07.04.2025,МРВ,РЩН,00:20,05:40,"Азимут, Аэрофлот, Utair, Ред Вингс, Победа",10880
08.04.2025,МРВ,РЩН,17:05,23:20,"Азимут, Аэрофлот, Utair, Победа",12303
09.04.2025,МРВ,РЩН,10:10,05:10,"Азимут, Nordwind Airlines, Аэрофлот, Уральские авиалинии, Utair, Победа",16109
10.04.2025,МРВ,РЩН,00:20,05:40,"Азимут, Utair, Аэрофлот, Уральские авиалинии, Nordwind Airlines, NordStar",10880
11.04.2025,МРВ,РЩН,10:10,16:10,"Азимут, Utair, Аэрофлот, Ред Вингс, S7 Airlines, Smartavia, Победа",17792
12.04.2025,МРВ,РЩН,20:15,01:40,"Utair, Азимут, Nordwind Airlines, Уральские авиалинии",8167
13.04.2025,МРВ,РЩН,18:20,23:40,"Ямал, Азимут, Nordwind Airlines, Уральские авиалинии, Utair",12259
14.04.2025,МРВ,РЩН,00:20,05:40,"Азимут, Utair, Ред Вингс, Аэрофлот",10880
15.04.2025,МРВ,РЩН,17:05,23:20,"Азимут, Аэрофлот, Utair, Уральские авиалинии, NordStar",12332
16.04.2025,МРВ,РЩН,10:10,05:10,"Азимут, Nordwind Airlines, Аэрофлот, Уральские авиалинии, Utair",15284
17.04.2025,МРВ,РЩН,00:20,05:40,"Азимут, Utair, Аэрофлот, Уральские авиалинии, Nordwind Airlines, NordStar, Ред Вингс",10880
18.04.2025,МРВ,РЩН,19:50,16:10,"Азимут, Utair, Аэрофлот, Победа, Ред Вингс",16279
19.04.2025,МРВ,РЩН,20:15,01:40,"Utair, Аэрофлот, Уральские авиалинии, Азимут, Nordwind Airlines, Smartavia, Победа",10243
20.04.2025,МРВ,РЩН,18:20,23:40,"Ямал, Уральские авиалинии, Utair, Азимут, Nordwind Airlines, Smartavia",12259
21.04.2025,МРВ,РЩН,00:20,05:40,"Азимут, Аэрофлот, Utair, Ред Вингс, Победа",10880
22.04.2025,МРВ,РЩН,17:05,23:20,"Азимут, Аэрофлот, Utair, Уральские авиалинии, NordStar, Победа",12482
23.04.2025,МРВ,РЩН,19:50,05:10,"Азимут, Nordwind Airlines, Аэрофлот, Уральские авиалинии, Utair, Победа",16284
24.04.2025,МРВ,РЩН,00:20,05:40,"Азимут, Аэрофлот, Utair, Nordwind Airlines, Уральские авиалинии, Ред Вингс",10880
25.04.2025,МРВ,РЩН,23:00,23:15,"Аэрофлот, Азимут, Utair, Smartavia, Победа",19341
26.04.2025,МРВ,РЩН,20:15,01:40,"Utair, Smartavia, Уральские авиалинии, Nordwind Airlines, Азимут, Победа",10243
27.04.2025,МРВ,РЩН,18:20,23:40,"Ямал, Уральские авиалинии, Utair, Азимут, Nordwind Airlines, Победа",12259
28.04.2025,МРВ,РЩН,00:20,05:40,"Азимут, Аэрофлот, Utair, Ред Вингс, Победа",10880
29.04.2025,МРВ,РЩН,13:45,04:40,"Победа, Аэрофлот, Utair, Уральские авиалинии, Азимут",17956
30.04.2025,МРВ,РЩН,23:10,22:55,"Аэрофлот, Азимут, Utair, Smartavia, Уральские авиалинии, Nordwind Airlines, Победа",18272
01.05.2025,МРВ,РЩН,00:20,05:40,"Азимут, Аэрофлот, Utair, NordStar, Nordwind Airlines, Победа",10880
02.05.2025,МРВ,РЩН,20:55,02:15,"Ямал, Аэрофлот, Utair, Победа, Азимут, Nordwind Airlines",11259
03.05.2025,МРВ,РЩН,20:15,01:40,"Utair, Аэрофлот, Победа, Nordwind Airlines",10243
04.05.2025,МРВ,РЩН,23:10,20:40,"Азимут, Utair, Уральские авиалинии, Nordwind Airlines, Победа",18767
05.05.2025,МРВ,РЩН,00:20,05:40,"Азимут, Ямал, Utair, Аэрофлот, Победа",10880
06.05.2025,МРВ,РЩН,20:35,05:15,"Аэрофлот, Utair, Победа",12766
07.05.2025,МРВ,РЩН,19:35,05:15,"Аэрофлот, Уральские авиалинии, Utair, Победа",14623
08.05.2025,МРВ,РЩН,00:20,05:40,"Азимут, Utair, Аэрофлот, Победа",10880
09.05.2025,МРВ,РЩН,20:55,02:15,"Ямал, Азимут, Nordwind Airlines, Utair, Уральские авиалинии, Победа",12259
10.05.2025,МРВ,РЩН,20:15,01:40,"Utair, Smartavia, Азимут, Уральские авиалинии, Аэрофлот, Nordwind Airlines",11282
11.05.2025,МРВ,РЩН,00:45,11:10,"Аэрофлот, Азимут, Utair, Smartavia, Уральские авиалинии, Nordwind Airlines",18548
10.02.2025,РЩН,МРВ,20:00,11:20,"Аэрофлот, Победа, Utair, NordStar",15171
11.02.2025,РЩН,МРВ,06:55,13:00,"Аэрофлот, Победа, Utair, Азимут",9714
12.02.2025,РЩН,МРВ,06:55,13:00,"Аэрофлот, Победа, Ред Вингс, Уральские авиалинии, Utair, Азимут",9714
13.02.2025,РЩН,МРВ,05:45,12:20,"Utair, Аэрофлот, Победа",10620
14.02.2025,РЩН,МРВ,06:35,08:10,"Азимут, Ямал, Победа, Utair, Аэрофлот, Уральские авиалинии",10680
15.02.2025,РЩН,МРВ,17:10,18:55,"Utair, Nordwind Airlines, Азимут, Ямал, Победа",12320
16.02.2025,РЩН,МРВ,20:05,08:30,"Аэрофлот, Utair, Победа, Уральские авиалинии, Азимут",12364
17.02.2025,РЩН,МРВ,18:00,19:40,"Utair, Победа, Азимут, NordStar",10426
18.02.2025,РЩН,МРВ,18:00,13:30,"Utair, Аэрофлот, Победа, Якутия",9053
19.02.2025,РЩН,МРВ,06:25,11:20,"Аэрофлот, Победа, Utair",9254
20.02.2025,РЩН,МРВ,06:25,15:40,"Аэрофлот, Победа, Utair",9254
21.02.2025,РЩН,МРВ,05:30,19:40,"Победа, Азимут, Ямал, Utair, S7 Airlines",8656
22.02.2025,РЩН,МРВ,17:10,18:55,"Utair, Победа, NordStar",9205
23.02.2025,РЩН,МРВ,05:30,19:40,"Аэрофлот, Победа, Utair",9449
24.02.2025,РЩН,МРВ,06:25,19:40,"Победа, Азимут, Utair, NordStar",9430
25.02.2025,РЩН,МРВ,06:25,19:40,"Победа, Utair, Аэрофлот, Алроса",9430
26.02.2025,РЩН,МРВ,06:25,19:40,"Utair, Победа, Аэрофлот, Алроса",9982
27.02.2025,РЩН,МРВ,06:25,15:40,"Победа, Utair, Аэрофлот, Алроса",10620
28.02.2025,РЩН,МРВ,05:30,19:40,"Победа, Азимут, Ямал, Utair",10620
01.03.2025,РЩН,МРВ,17:10,18:55,"Utair, Nordwind Airlines, Азимут, Победа",10243
02.03.2025,РЩН,МРВ,06:25,13:30,"Победа, Utair, Аэрофлот",10426
03.03.2025,РЩН,МРВ,06:25,19:40,"Победа, Азимут, Utair, Алроса",10620
04.03.2025,РЩН,МРВ,06:55,13:00,"Аэрофлот, Победа, Utair",10957
05.03.2025,РЩН,МРВ,05:45,12:20,"Аэрофлот, Победа, Utair, Алроса",10616
06.03.2025,РЩН,МРВ,07:15,13:30,"Utair, Аэрофлот, Победа",13100
07.03.2025,РЩН,МРВ,06:35,08:10,"Азимут, Ямал, Utair, Nordwind Airlines, Победа, Аэрофлот",10880
08.03.2025,РЩН,МРВ,17:10,18:55,"Utair, Nordwind Airlines, Азимут, Победа, Аэрофлот",9205
09.03.2025,РЩН,МРВ,07:15,19:40,"Utair, Победа, Аэрофлот",13825
10.03.2025,РЩН,МРВ,05:35,07:20,"Азимут, Utair, Победа",10880
11.03.2025,РЩН,МРВ,18:00,13:30,"Utair, Аэрофлот, Победа, Алроса, Ред Вингс, Азимут",11289
12.03.2025,РЩН,МРВ,07:15,13:30,"Utair, Аэрофлот, Победа, Алроса",11289
13.03.2025,РЩН,МРВ,07:15,13:30,"Utair, Аэрофлот, Победа, Алроса, Nordwind Airlines, Азимут",11928
14.03.2025,РЩН,МРВ,05:15,06:50,"Ямал, Азимут, Utair, Победа, Аэрофлот",9259
15.03.2025,РЩН,МРВ,17:10,18:55,"Utair, Победа, Nordwind Airlines, Азимут",8167
16.03.2025,РЩН,МРВ,07:15,19:40,"Utair, Победа, Аэрофлот, Алроса",12182
17.03.2025,РЩН,МРВ,05:35,07:20,"Азимут, Аэрофлот, Utair, Победа, NordStar",10880
18.03.2025,РЩН,МРВ,07:15,15:40,"Utair, Победа, Аэрофлот, Якутия",12182
19.03.2025,РЩН,МРВ,18:00,15:40,"Utair, Победа, Аэрофлот, Алроса",12182
20.03.2025,РЩН,МРВ,07:15,15:40,"Utair, Победа, Аэрофлот",12182
21.03.2025,РЩН,МРВ,06:35,08:10,"Азимут, Ямал, Utair, Победа",10880
22.03.2025,РЩН,МРВ,17:10,18:55,"Utair, Nordwind Airlines, Азимут, Победа",11282
23.03.2025,РЩН,МРВ,18:00,19:40,"Utair, Победа, Аэрофлот, Алроса, Азимут",13175
24.03.2025,РЩН,МРВ,05:35,07:20,"Азимут, Utair, Ред Вингс, Победа, NordStar",10880
25.03.2025,РЩН,МРВ,07:15,15:40,"Utair, Победа, Аэрофлот, Ред Вингс, Азимут",12800
26.03.2025,РЩН,МРВ,18:00,13:30,"Utair, Аэрофлот, Победа, Алроса, NordStar",13100
27.03.2025,РЩН,МРВ,18:55,22:40,"Nordwind Airlines, Азимут, Utair, Аэрофлот, Победа, Алроса",11656
28.03.2025,РЩН,МРВ,05:15,06:50,"Ямал, Азимут, Utair, Победа, Nordwind Airlines, Аэрофлот",9259
29.03.2025,РЩН,МРВ,17:10,18:55,"Utair, Nordwind Airlines, Азимут, Уральские авиалинии, Победа",8167
30.03.2025,РЩН,МРВ,18:00,13:30,"Utair, Аэрофлот, Алроса, Победа",16082
31.03.2025,РЩН,МРВ,06:40,08:15,"Азимут, Utair, Алроса, NordStar, Уральские авиалинии, Победа",10880
01.04.2025,РЩН,МРВ,07:05,13:20,"Utair, Азимут, Аэрофлот, Уральские авиалинии",15605
02.04.2025,РЩН,МРВ,07:05,13:20,"Utair, Азимут, Аэрофлот, Уральские авиалинии",13215
03.04.2025,РЩН,МРВ,06:40,08:15,"Азимут, Nordwind Airlines, Utair, Победа, Уральские авиалинии, Аэрофлот",10880
04.04.2025,РЩН,МРВ,05:15,06:50,"Ямал, Аэрофлот, Nordwind Airlines, Азимут, Utair, Ред Вингс, Уральские авиалинии",11259
05.04.2025,РЩН,МРВ,17:30,19:15,"Utair, Азимут, Ред Вингс",8201
06.04.2025,РЩН,МРВ,10:55,23:25,"Ред Вингс, Азимут, Utair, Аэрофлот, Алроса, Nordwind Airlines, Уральские авиалинии",14187
07.04.2025,РЩН,МРВ,06:40,08:15,"Азимут, Utair, Алроса, Nordwind Airlines, Уральские авиалинии",10880
08.04.2025,РЩН,МРВ,05:45,12:55,"Аэрофлот, Победа, Utair, Азимут",14366
09.04.2025,РЩН,МРВ,18:00,15:25,"Utair, NordStar, Аэрофлот, Азимут, Победа, Уральские авиалинии",15916
10.04.2025,РЩН,МРВ,06:40,08:15,"Азимут, Аэрофлот, Utair, Nordwind Airlines, NordStar",10880
11.04.2025,РЩН,МРВ,05:15,06:50,"Ямал, Аэрофлот, Nordwind Airlines, Азимут, Utair, Ред Вингс, Уральские авиалинии",11259
12.04.2025,РЩН,МРВ,17:30,19:15,"Utair, Азимут, Ред Вингс, Nordwind Airlines",8167
13.04.2025,РЩН,МРВ,10:55,23:25,"Ред Вингс, Азимут, Utair, Аэрофлот, Алроса, Уральские авиалинии, Armenian Airlines",15011
14.04.2025,РЩН,МРВ,06:40,08:15,"Азимут, Utair, Алроса, NordStar, Уральские авиалинии, Аэрофлот, Победа",10880
15.04.2025,РЩН,МРВ,07:05,13:20,"Utair, Азимут, Аэрофлот, Алроса, Уральские авиалинии, Победа",16749
16.04.2025,РЩН,МРВ,20:05,17:30,"Utair, Уральские авиалинии, Аэрофлот, Азимут, Алроса, NordStar",16939
17.04.2025,РЩН,МРВ,06:40,08:15,"Азимут, Utair, Алроса, Nordwind Airlines, Уральские авиалинии",10880
18.04.2025,РЩН,МРВ,05:15,06:50,"Ямал, Nordwind Airlines, Азимут, Utair, Ред Вингс, Уральские авиалинии",11259
19.04.2025,РЩН,МРВ,17:30,19:15,"Utair, Азимут, Алроса, Ред Вингс, Nordwind Airlines",9205
20.04.2025,РЩН,МРВ,20:05,14:35,"Utair, Уральские авиалинии, Аэрофлот, Алроса, Ред Вингс, Азимут",16939
21.04.2025,РЩН,МРВ,06:40,08:15,"Азимут, Utair, Алроса, NordStar, Nordwind Airlines, Уральские авиалинии",10880
22.04.2025,РЩН,МРВ,05:45,12:55,"Аэрофлот, Utair, Алроса, Уральские авиалинии, Азимут",12250
23.04.2025,РЩН,МРВ,07:05,23:00,"Utair, Азимут, Аэрофлот, NordStar, Уральские авиалинии",16279
24.04.2025,РЩН,МРВ,06:40,08:15,"Азимут, Utair, Алроса, Nordwind Airlines, Аэрофлот, Уральские авиалинии",10880
25.04.2025,РЩН,МРВ,05:15,06:50,"Ямал, Nordwind Airlines, Азимут, Utair, Алроса, Ред Вингс, Уральские авиалинии, Аэрофлот",11259
26.04.2025,РЩН,МРВ,17:30,19:15,"Utair, Азимут, Ред Вингс, Уральские авиалинии, Аэрофлот, Nordwind Airlines",10243
27.04.2025,РЩН,МРВ,20:05,14:35,"Utair, Уральские авиалинии, Аэрофлот, Алроса, Ред Вингс, Азимут, Nordwind Airlines",16939
28.04.2025,РЩН,МРВ,06:40,08:15,"Азимут, Utair, NordStar, Уральские авиалинии, Аэрофлот",11082
29.04.2025,РЩН,МРВ,06:05,00:35,"Utair, Азимут, Аэрофлот, Алроса, Победа, Уральские авиалинии, NordStar",18134
30.04.2025,РЩН,МРВ,22:20,08:15,"Utair, Азимут, Аэрофлот, Алроса, Уральские авиалинии",18767
01.05.2025,РЩН,МРВ,06:40,08:15,"Азимут, Ямал, Nordwind Airlines, Ред Вингс, Utair, Уральские авиалинии, Аэрофлот",10880
02.05.2025,РЩН,МРВ,16:00,17:30,"Utair, Уральские авиалинии, Аэрофлот, Алроса, Ред Вингс, Азимут, Nordwind Airlines",15768
03.05.2025,РЩН,МРВ,17:30,19:15,"Utair, Ямал, Аэрофлот, Победа, Уральские авиалинии, Азимут",9205
04.05.2025,РЩН,МРВ,19:40,00:40,"Аэрофлот, Utair, Уральские авиалинии",14497
05.05.2025,РЩН,МРВ,06:40,08:15,"Азимут, Аэрофлот, Utair, NordStar",10880
06.05.2025,РЩН,МРВ,06:00,07:55,"Ямал, Аэрофлот, Utair, Победа",12259
07.05.2025,РЩН,МРВ,07:15,13:30,"Utair, Аэрофлот, Алроса, NordStar, Победа, Уральские авиалинии",15975
08.05.2025,РЩН,МРВ,06:40,08:15,"Азимут, Utair, Алроса, Победа, Уральские авиалинии, NordStar, Ред Вингс",10880
09.05.2025,РЩН,МРВ,19:00,12:35,"Utair, Nordwind Airlines, Аэрофлот, Алроса, Победа, Уральские авиалинии",15001
10.05.2025,РЩН,МРВ,17:30,19:15,"Utair, Ямал, Победа, Аэрофлот, Азимут",9205
11.05.2025,РЩН,МРВ,07:15,20:15,"Utair, Победа, Аэрофлот, Алроса, Nordwind Airlines, Уральские авиалинии",15632
10.02.2025,СОЧ,РЩН,16:25,04:45,"Аэрофлот, Utair, Победа, Ред Вингс, Nordwind Airlines",9977
11.02.2025,СОЧ,РЩН,15:10,14:45,"Utair, Nordwind Airlines, Победа, Ред Вингс, Уральские авиалинии",7775
12.02.2025,СОЧ,РЩН,15:10,01:15,"Utair, Ямал, Победа, Уральские авиалинии",8094
13.02.2025,СОЧ,РЩН,14:20,04:40,"Победа, Ямал, Utair",9026
14.02.2025,СОЧ,РЩН,16:45,04:40,"Аэрофлот, NordStar, Победа, Уральские авиалинии, Utair",11691
15.02.2025,СОЧ,РЩН,11:50,17:45,"Nordwind Airlines, Utair, Ямал, Якутия, Победа, Уральские авиалинии",9104
16.02.2025,СОЧ,РЩН,10:20,16:10,"Utair, Ямал, Азимут, Победа, Уральские авиалинии",10303
17.02.2025,СОЧ,РЩН,16:20,14:45,"Utair, Nordwind Airlines, Аэрофлот, Победа, Уральские авиалинии",10011
18.02.2025,СОЧ,РЩН,11:50,17:45,"Nordwind Airlines, Utair, Победа, Уральские авиалинии",8630
19.02.2025,СОЧ,РЩН,19:55,01:35,"Ямал, Победа, Utair, Nordwind Airlines, Уральские авиалинии, Аэрофлот, Азимут, NordStar",11248
20.02.2025,СОЧ,РЩН,21:55,05:35,"Азимут, Utair, Аэрофлот, Победа",13081
21.02.2025,СОЧ,РЩН,21:35,01:25,"Аэрофлот, Utair, Азимут, Уральские авиалинии, Победа",11718
22.02.2025,СОЧ,РЩН,11:50,17:45,"Nordwind Airlines, Utair, Ямал, Азимут, Победа",9104
23.02.2025,СОЧ,РЩН,10:20,16:10,"Utair, Ямал, Азимут, Уральские авиалинии, Аэрофлот, Nordwind Airlines",9448
24.02.2025,СОЧ,РЩН,13:10,08:40,"Аэрофлот, Utair, Nordwind Airlines, Победа, Азимут",15017
25.02.2025,СОЧ,РЩН,10:20,16:10,"Utair, Nordwind Airlines, Аэрофлот, Победа, Уральские авиалинии, Азимут",10347
26.02.2025,СОЧ,РЩН,12:05,23:25,"Nordwind Airlines, Utair, Ямал, Аэрофлот, Победа, Уральские авиалинии",11944
27.02.2025,СОЧ,РЩН,11:55,17:50,"Nordwind Airlines, Азимут, Utair, Победа",10350
28.02.2025,СОЧ,РЩН,11:20,01:25,"Аэрофлот, Азимут, Utair, Уральские авиалинии, Победа",13145
01.03.2025,СОЧ,РЩН,10:20,16:10,"Utair, Ямал, Nordwind Airlines, Победа, Азимут",8271
02.03.2025,СОЧ,РЩН,10:20,16:10,"Utair, Ямал, Азимут, Nordwind Airlines, Ред Вингс",10303
03.03.2025,СОЧ,РЩН,16:20,14:45,"Utair, Победа, Аэрофлот",12461
04.03.2025,СОЧ,РЩН,10:20,16:10,"Utair, Nordwind Airlines, Победа",8271
05.03.2025,СОЧ,РЩН,12:05,23:25,"Nordwind Airlines, Utair, Ямал, Победа, Уральские авиалинии",12268
06.03.2025,СОЧ,РЩН,11:55,17:50,"Nordwind Airlines, Азимут, Utair, Победа, Уральские авиалинии",9035
07.03.2025,СОЧ,РЩН,11:20,01:25,"Азимут, Utair, Уральские авиалинии, Победа",11438
08.03.2025,СОЧ,РЩН,10:20,16:10,"Utair, Ямал, Nordwind Airlines, Азимут, Победа, Уральские авиалинии, iFly Airlines",7101
09.03.2025,СОЧ,РЩН,12:05,23:25,"Nordwind Airlines, Utair, Ямал, Уральские авиалинии, Азимут, Ред Вингс, Победа",14069
10.03.2025,СОЧ,РЩН,15:10,01:15,"Utair, Аэрофлот, Победа, Nordwind Airlines",13845
11.03.2025,СОЧ,РЩН,11:50,17:45,"Nordwind Airlines, Utair, Победа",10350
12.03.2025,СОЧ,РЩН,12:05,23:25,"Nordwind Airlines, Utair, Ямал, Победа",12956
13.03.2025,СОЧ,РЩН,11:55,17:50,"Nordwind Airlines, Utair, Азимут, Победа",10350
14.03.2025,СОЧ,РЩН,11:20,01:25,"Азимут, Utair, Уральские авиалинии, Победа, NordStar",11129
15.03.2025,СОЧ,РЩН,10:20,16:10,"Utair, Ямал, Nordwind Airlines, Азимут, Победа, Уральские авиалинии",11385
16.03.2025,СОЧ,РЩН,10:20,16:10,"Utair, Ямал, Nordwind Airlines, Азимут, Уральские авиалинии",11385
17.03.2025,СОЧ,РЩН,11:10,01:15,"iFly Airlines, Utair, Аэрофлот, Победа",13651
18.03.2025,СОЧ,РЩН,10:20,16:10,"Utair, Nordwind Airlines, Победа, Азимут, Ред Вингс",7233
19.03.2025,СОЧ,РЩН,12:05,23:25,"Nordwind Airlines, Utair, Ямал, Уральские авиалинии, Победа",11944
20.03.2025,СОЧ,РЩН,11:55,17:50,"Nordwind Airlines, Азимут, Utair, Победа",9035
21.03.2025,СОЧ,РЩН,21:35,01:25,"Азимут, Utair, Уральские авиалинии, NordStar, Победа",12252
22.03.2025,СОЧ,РЩН,10:20,16:10,"Utair, Ямал, Nordwind Airlines, Азимут, Победа, Уральские авиалинии",9263
23.03.2025,СОЧ,РЩН,10:20,16:10,"Utair, Ямал, Nordwind Airlines, Уральские авиалинии, Азимут",9309
24.03.2025,СОЧ,РЩН,16:15,01:15,"NordStar, Utair, Аэрофлот, Победа, iFly Airlines",14850
25.03.2025,СОЧ,РЩН,11:50,17:45,"Nordwind Airlines, Utair, Победа, Аэрофлот, Уральские авиалинии",12717
26.03.2025,СОЧ,РЩН,12:05,23:25,"Nordwind Airlines, Utair, Ямал, Азимут, Победа",15182
27.03.2025,СОЧ,РЩН,21:55,05:35,"Азимут, Nordwind Airlines, Utair, Победа",14228
28.03.2025,СОЧ,РЩН,15:45,14:45,"NordStar, Utair, Уральские авиалинии, Победа, Аэрофлот, iFly Airlines",14867
29.03.2025,СОЧ,РЩН,11:50,17:45,"Nordwind Airlines, Utair, Ямал, Азимут, Якутия",14328
30.03.2025,СОЧ,РЩН,12:15,05:40,"Ямал, Utair, Азимут, Nordwind Airlines, Победа",16707
31.03.2025,СОЧ,РЩН,14:10,01:15,"Аэрофлот, Utair, Якутия, Азимут",17573
01.04.2025,СОЧ,РЩН,10:20,16:10,"Utair, Nordwind Airlines, Ред Вингс, Азимут, Победа",11385
02.04.2025,СОЧ,РЩН,23:20,05:10,"Nordwind Airlines, Utair, Ямал, Победа, Аэрофлот, Азимут",9035
03.04.2025,СОЧ,РЩН,01:30,18:50,"Аэрофлот, Азимут, Победа, Utair, Уральские авиалинии",16848
04.04.2025,СОЧ,РЩН,10:35,16:25,"Nordwind Airlines, Utair, Азимут, Победа, Ред Вингс, Уральские авиалинии",9035
05.04.2025,СОЧ,РЩН,10:20,16:10,"Utair, Ямал, Азимут, Победа",11385
06.04.2025,СОЧ,РЩН,23:20,05:10,"Nordwind Airlines, Ямал, Utair, Аэрофлот, Уральские авиалинии, Победа",10200
07.04.2025,СОЧ,РЩН,12:50,08:10,"Аэрофлот, Utair, Победа",15549
08.04.2025,СОЧ,РЩН,10:20,16:10,"Utair, Аэрофлот, Победа, Азимут, Ред Вингс, Уральские авиалинии",11385
09.04.2025,СОЧ,РЩН,23:20,05:10,"Nordwind Airlines, Utair, Ямал, Азимут, Аэрофлот",9035
10.04.2025,СОЧ,РЩН,20:05,14:50,"Азимут, Ред Вингс, Аэрофлот, Utair, Победа, Уральские авиалинии",16568
11.04.2025,СОЧ,РЩН,10:35,16:25,"Nordwind Airlines, Utair, Азимут, Победа, Ред Вингс, Аэрофлот",11408
12.04.2025,СОЧ,РЩН,10:20,16:10,"Utair, Ямал, Nordwind Airlines, Азимут, Уральские авиалинии, Победа",11385
13.04.2025,СОЧ,РЩН,23:20,05:10,"Nordwind Airlines, Ямал, Utair, Ред Вингс",10200
14.04.2025,СОЧ,РЩН,12:50,08:10,"Аэрофлот, Utair, Азимут, Smartavia, Победа",15549
15.04.2025,СОЧ,РЩН,10:20,16:10,"Utair, Nordwind Airlines, Азимут, Ред Вингс, Победа, Уральские авиалинии, Аэрофлот",10334
16.04.2025,СОЧ,РЩН,23:20,05:10,"Nordwind Airlines, Utair, Ямал, Азимут, Аэрофлот, Победа",9035
17.04.2025,СОЧ,РЩН,20:55,14:50,"Аэрофлот, Победа, Utair, Nordwind Airlines, Уральские авиалинии",16085
18.04.2025,СОЧ,РЩН,10:35,16:25,"Nordwind Airlines, Utair, Азимут, NordStar, Аэрофлот, Победа",11408
19.04.2025,СОЧ,РЩН,10:20,16:10,"Utair, Ямал, Nordwind Airlines, Азимут, Победа, Уральские авиалинии",10334
20.04.2025,СОЧ,РЩН,23:20,05:10,"Nordwind Airlines, Ямал, Utair, Ред Вингс",12777
21.04.2025,СОЧ,РЩН,12:50,08:10,"Аэрофлот, Utair, Победа, S7 Airlines",16614
22.04.2025,СОЧ,РЩН,10:20,16:10,"Utair, Аэрофлот, Nordwind Airlines, Победа, Ред Вингс",10347
23.04.2025,СОЧ,РЩН,23:20,05:10,"Nordwind Airlines, Utair, Ямал, Азимут, Аэрофлот, Победа",9035
24.04.2025,СОЧ,РЩН,23:55,19:20,"Победа, Utair, Аэрофлот, Уральские авиалинии",16707
25.04.2025,СОЧ,РЩН,10:35,16:25,"Nordwind Airlines, Utair, Победа, Ред Вингс, Азимут, Smartavia, Уральские авиалинии",10140
26.04.2025,СОЧ,РЩН,10:20,16:10,"Utair, Ямал, Nordwind Airlines, Уральские авиалинии, Победа, Азимут",12424
27.04.2025,СОЧ,РЩН,23:20,05:10,"Nordwind Airlines, Ямал, Utair, Ред Вингс, Аэрофлот, Победа, Уральские авиалинии",11468
28.04.2025,СОЧ,РЩН,10:15,16:05,"Utair, Ямал, Nordwind Airlines, Smartavia, Ред Вингс, Победа",12380
29.04.2025,СОЧ,РЩН,19:55,23:20,"Аэрофлот, Уральские авиалинии, Utair, Победа, Азимут, Ред Вингс",15471
30.04.2025,СОЧ,РЩН,23:20,05:10,"Nordwind Airlines, Utair, Ямал, Азимут, Аэрофлот, Smartavia, Победа",11408
01.05.2025,СОЧ,РЩН,20:40,02:20,"Ямал, Utair, Аэрофлот, Уральские авиалинии, NordStar, Победа",15259
02.05.2025,СОЧ,РЩН,22:50,04:40,"Nordwind Airlines, Ямал, Utair, Аэрофлот, Победа",10140
03.05.2025,СОЧ,РЩН,10:20,16:10,"Utair, Ямал, Nordwind Airlines, Уральские авиалинии, Победа, Аэрофлот",12424
04.05.2025,СОЧ,РЩН,23:20,05:10,"Nordwind Airlines, Ямал, Utair, Уральские авиалинии",12928
05.05.2025,СОЧ,РЩН,10:15,16:05,"Utair, Ямал, Аэрофлот, Азимут, Победа",11385
06.05.2025,СОЧ,РЩН,20:40,02:20,"Ямал, Utair, Уральские авиалинии, Аэрофлот, Победа",12751
07.05.2025,СОЧ,РЩН,23:20,05:10,"Nordwind Airlines, Utair, Ямал, Smartavia, Ред Вингс, Уральские авиалинии, Аэрофлот",11559
08.05.2025,СОЧ,РЩН,20:40,02:20,"Ямал, Utair, Уральские авиалинии, Победа, Аэрофлот",12751
09.05.2025,СОЧ,РЩН,22:50,04:40,"Nordwind Airlines, Ямал, Utair, Азимут, Аэрофлот, Победа",10350
10.05.2025,СОЧ,РЩН,10:20,16:10,"Utair, Ямал, Nordwind Airlines, Азимут, Уральские авиалинии, Аэрофлот",12380
11.05.2025,СОЧ,РЩН,23:20,05:10,"Nordwind Airlines, Ямал, Utair, Азимут, Уральские авиалинии",12928
10.02.2025,РЩН,СОЧ,17:00,14:00,"Аэрофлот, Ред Вингс, Победа, S7 Airlines, Nordwind Airlines, Уральские авиалинии, Utair",12204
11.02.2025,РЩН,СОЧ,18:55,21:05,"Nordwind Airlines, Utair, Аэрофлот, Победа, Уральские авиалинии, NordStar",9224
12.02.2025,РЩН,СОЧ,17:05,08:20,"Ред Вингс, Победа, Ямал, Utair, Уральские авиалинии, Аэрофлот, Азимут",10931
13.02.2025,РЩН,СОЧ,14:10,16:10,"Ямал, Победа, Utair, Nordwind Airlines, Аэрофлот, Азимут",10259
14.02.2025,РЩН,СОЧ,06:35,10:20,"Азимут, Ямал, Utair, Победа",12351
15.02.2025,РЩН,СОЧ,18:55,21:05,"Nordwind Airlines, Utair, Ямал, Победа, Азимут, Smartavia",10185
16.02.2025,РЩН,СОЧ,20:05,08:20,"Utair, Победа, Ямал, Уральские авиалинии, Nordwind Airlines, Аэрофлот",9633
17.02.2025,РЩН,СОЧ,18:00,14:10,"Аэрофлот, Utair, Победа",12993
18.02.2025,РЩН,СОЧ,18:55,21:05,"Nordwind Airlines, Utair, Победа",10185
19.02.2025,РЩН,СОЧ,05:05,06:55,"Ямал, Победа, Utair",9254
20.02.2025,РЩН,СОЧ,06:25,12:40,"Аэрофлот, Победа, Utair, Уральские авиалинии",10793
21.02.2025,РЩН,СОЧ,06:25,15:20,"Победа, Utair, Ямал",10913
22.02.2025,РЩН,СОЧ,14:10,16:10,"Ямал, Utair, Nordwind Airlines, Победа, iFly Airlines, Уральские авиалинии",8259
23.02.2025,РЩН,СОЧ,05:30,22:40,"Победа, Utair, NordStar, Уральские авиалинии",8877
24.02.2025,РЩН,СОЧ,05:30,13:50,"Utair, Победа, Аэрофлот",9651
25.02.2025,РЩН,СОЧ,18:55,21:05,"Nordwind Airlines, Utair, Победа",9035
26.02.2025,РЩН,СОЧ,20:05,08:20,"Utair, Победа, Ямал",10721
27.02.2025,РЩН,СОЧ,18:55,21:00,"Nordwind Airlines, Utair, Победа, S7 Airlines, Ред Вингс, Азимут",11408
28.02.2025,РЩН,СОЧ,18:00,22:40,"Utair, Победа, Ямал, Азимут, Уральские авиалинии, iFly Airlines",12404
01.03.2025,РЩН,СОЧ,14:10,16:10,"Ямал, Utair, Nordwind Airlines, Победа, iFly Airlines, Аэрофлот",11248
02.03.2025,РЩН,СОЧ,20:05,08:20,"Utair, Победа, iFly Airlines",9627
03.03.2025,РЩН,СОЧ,06:25,22:40,"Победа, Utair, Аэрофлот, Алроса",11197
04.03.2025,РЩН,СОЧ,18:55,21:05,"Nordwind Airlines, Utair, Победа, Аэрофлот",9035
05.03.2025,РЩН,СОЧ,06:25,22:40,"Победа, Ямал, Utair, Аэрофлот, Азимут",12633
06.03.2025,РЩН,СОЧ,18:55,21:00,"Nordwind Airlines, Utair, Победа, Ред Вингс, Азимут, S7 Airlines, iFly Airlines, NordStar",11559
07.03.2025,РЩН,СОЧ,16:00,08:20,"Utair, Победа, Ямал, Азимут, Уральские авиалинии, iFly Airlines",11848
08.03.2025,РЩН,СОЧ,18:55,21:05,"Nordwind Airlines, Utair, Ямал, Азимут, Победа, NordStar",10350
09.03.2025,РЩН,СОЧ,20:05,08:20,"Utair, Победа, Уральские авиалинии, iFly Airlines",10743
10.03.2025,РЩН,СОЧ,18:00,14:10,"Аэрофлот, Utair, Победа, Азимут",13100
11.03.2025,РЩН,СОЧ,18:55,21:05,"Nordwind Airlines, Utair, Победа",10140
12.03.2025,РЩН,СОЧ,05:05,06:55,"Ямал, Utair, Руслайн, Победа, Уральские авиалинии, Азимут",11248
13.03.2025,РЩН,СОЧ,18:55,21:00,"Nordwind Airlines, Utair, Победа, Ред Вингс, Азимут",9035
14.03.2025,РЩН,СОЧ,16:00,08:20,"Ямал, Азимут, Utair, Победа, S7 Airlines",12895
15.03.2025,РЩН,СОЧ,18:55,21:05,"Nordwind Airlines, Utair, Ямал, Азимут, Победа, iFly Airlines",9035
16.03.2025,РЩН,СОЧ,20:05,08:20,"Utair, Победа, iFly Airlines",13002
17.03.2025,РЩН,СОЧ,18:00,22:40,"Utair, Победа, Аэрофлот, Алроса",13825
18.03.2025,РЩН,СОЧ,18:55,21:05,"Nordwind Airlines, Utair, Победа",10140
19.03.2025,РЩН,СОЧ,05:05,06:55,"Ямал, Utair, Победа, S7 Airlines, Азимут",13753
20.03.2025,РЩН,СОЧ,18:55,21:00,"Nordwind Airlines, Utair, Победа, Ред Вингс, Азимут, NordStar, S7 Airlines",11408
21.03.2025,РЩН,СОЧ,06:35,20:20,"Азимут, Ямал, Utair, Победа, Алроса",13690
22.03.2025,РЩН,СОЧ,18:55,21:05,"Nordwind Airlines, Utair, Азимут, S7 Airlines, Победа",12717
23.03.2025,РЩН,СОЧ,20:05,08:20,"Utair, Победа, Руслайн, S7 Airlines",14077
24.03.2025,РЩН,СОЧ,19:15,20:35,"Аэрофлот, Utair, Победа, S7 Airlines, Азимут",14818
25.03.2025,РЩН,СОЧ,18:55,21:05,"Nordwind Airlines, Utair, Победа, NordStar",10140
26.03.2025,РЩН,СОЧ,05:05,06:55,"Ямал, Utair, Руслайн, Победа, S7 Airlines",11248
27.03.2025,РЩН,СОЧ,18:55,21:00,"Nordwind Airlines, Utair, Руслайн, Победа, S7 Airlines",9035
28.03.2025,РЩН,СОЧ,05:15,10:20,"Ямал, Азимут, Utair, S7 Airlines",13335
29.03.2025,РЩН,СОЧ,18:55,21:05,"Nordwind Airlines, Utair, Ямал, Азимут, NordStar, S7 Airlines, Победа",9035
30.03.2025,РЩН,СОЧ,07:15,13:10,"Utair, Аэрофлот, Алроса, Победа",14873
31.03.2025,РЩН,СОЧ,07:15,13:10,"Utair, Азимут, Якутия, Nordwind Airlines, Победа",14910
01.04.2025,РЩН,СОЧ,07:05,09:20,"Utair, Nordwind Airlines, Ред Вингс, Победа",10347
02.04.2025,РЩН,СОЧ,07:05,09:20,"Utair, Ямал, Аэрофлот, Nordwind Airlines, Ред Вингс, Азимут, Уральские авиалинии",8271
03.04.2025,РЩН,СОЧ,06:10,08:15,"Nordwind Airlines, Utair, Аэрофлот, Азимут, Победа",9035
04.04.2025,РЩН,СОЧ,17:25,19:30,"Nordwind Airlines, Ямал, Utair, Уральские авиалинии, Победа, Ред Вингс",8031
05.04.2025,РЩН,СОЧ,07:05,09:20,"Utair, Ямал, Nordwind Airlines, Азимут",9309
06.04.2025,РЩН,СОЧ,20:05,08:40,"Аэрофлот, Utair, Nordwind Airlines, Алроса, Ред Вингс",13344
07.04.2025,РЩН,СОЧ,06:10,08:15,"Nordwind Airlines, Аэрофлот, Utair, Победа",10140
08.04.2025,РЩН,СОЧ,07:05,09:20,"Utair, Nordwind Airlines, Ред Вингс, Аэрофлот, Победа",9309
09.04.2025,РЩН,СОЧ,07:05,09:20,"Utair, Ямал, Nordwind Airlines, Аэрофлот, Ред Вингс, Азимут, Победа",9309
10.04.2025,РЩН,СОЧ,06:10,08:15,"Nordwind Airlines, Utair, Аэрофлот, S7 Airlines",9035
11.04.2025,РЩН,СОЧ,17:25,19:30,"Nordwind Airlines, Ямал, Utair, Ред Вингс, Уральские авиалинии",8031
12.04.2025,РЩН,СОЧ,07:05,09:20,"Utair, Ямал, Nordwind Airlines, Азимут, Ред Вингс",11385
13.04.2025,РЩН,СОЧ,20:05,08:40,"Аэрофлот, Utair, Nordwind Airlines, Победа, Ред Вингс",14527
14.04.2025,РЩН,СОЧ,06:10,08:15,"Nordwind Airlines, Аэрофлот, Utair, Победа",12717
15.04.2025,РЩН,СОЧ,07:05,09:20,"Utair, Аэрофлот, Nordwind Airlines, Победа",10347
16.04.2025,РЩН,СОЧ,05:05,07:05,"Ямал, Utair, Ред Вингс, Азимут, Nordwind Airlines, Уральские авиалинии, Аэрофлот, Победа",10264
17.04.2025,РЩН,СОЧ,06:10,08:15,"Nordwind Airlines, Аэрофлот, Utair, Победа",10140
18.04.2025,РЩН,СОЧ,17:25,19:30,"Nordwind Airlines, Ямал, Utair, Ред Вингс, Победа, Уральские авиалинии, S7 Airlines",9035
19.04.2025,РЩН,СОЧ,07:05,09:20,"Utair, Ямал, Nordwind Airlines, Азимут, Ред Вингс, Победа",11385
20.04.2025,РЩН,СОЧ,20:05,08:40,"Аэрофлот, Utair, Nordwind Airlines, Алроса, Уральские авиалинии, Ред Вингс",15710
21.04.2025,РЩН,СОЧ,06:10,08:15,"Nordwind Airlines, Аэрофлот, Utair, Победа",12717
22.04.2025,РЩН,СОЧ,07:05,09:20,"Utair, Nordwind Airlines, Аэрофлот, Победа, Ред Вингс",11388
23.04.2025,РЩН,СОЧ,05:05,07:05,"Ямал, Utair, Ред Вингс, Азимут, Уральские авиалинии, Nordwind Airlines, Аэрофлот, S7 Airlines, Победа",10264
24.04.2025,РЩН,СОЧ,06:10,08:15,"Nordwind Airlines, Азимут, Utair, Аэрофлот, S7 Airlines, Победа",10350
25.04.2025,РЩН,СОЧ,17:25,19:30,"Nordwind Airlines, Ямал, Utair, Уральские авиалинии",9186
26.04.2025,РЩН,СОЧ,07:05,09:20,"Utair, Ямал, Ред Вингс, Азимут, Nordwind Airlines",12424
27.04.2025,РЩН,СОЧ,20:05,08:55,"Utair, Smartavia, Аэрофлот, Алроса, Nordwind Airlines, Уральские авиалинии",15688
28.04.2025,РЩН,СОЧ,06:10,08:15,"Utair, Nordwind Airlines, Ямал, Азимут, Победа",11559
29.04.2025,РЩН,СОЧ,06:05,08:35,"Аэрофлот, Utair, Smartavia, Победа, Ред Вингс, Nordwind Airlines",18283
30.04.2025,РЩН,СОЧ,17:20,19:30,"Utair, Ямал, Ред Вингс, Азимут, Nordwind Airlines, Уральские авиалинии, Smartavia, Аэрофлот, NordStar, Победа",14500
01.05.2025,РЩН,СОЧ,06:10,08:15,"Nordwind Airlines, Ямал, Азимут, Utair, Smartavia, Победа",16122
02.05.2025,РЩН,СОЧ,16:00,18:20,"Utair, Ред Вингс, Nordwind Airlines, Ямал, Победа, Аэрофлот",16213
03.05.2025,РЩН,СОЧ,05:05,07:05,"Ямал, Utair, Nordwind Airlines, Аэрофлот, Победа",10264
04.05.2025,РЩН,СОЧ,05:25,11:15,"Аэрофлот, Ямал, Utair, Победа",11676
05.05.2025,РЩН,СОЧ,17:20,19:35,"Utair, Nordwind Airlines, Ямал, Аэрофлот, Победа",11385
06.05.2025,РЩН,СОЧ,05:05,07:05,"Ямал, Utair, Аэрофлот, Smartavia, Победа",12751
07.05.2025,РЩН,СОЧ,17:20,19:30,"Utair, Ямал, Победа, Аэрофлот",12567
08.05.2025,РЩН,СОЧ,06:10,08:15,"Nordwind Airlines, Ямал, Utair, Победа, NordStar, Smartavia, S7 Airlines",11301
09.05.2025,РЩН,СОЧ,05:05,07:05,"Ямал, Utair, Аэрофлот, Победа, Уральские авиалинии",10264
10.05.2025,РЩН,СОЧ,06:10,08:15,"Nordwind Airlines, Utair, Ямал, Победа, Аэрофлот",10140
11.05.2025,РЩН,СОЧ,05:05,07:05,"Ямал, Utair, Победа, Nordwind Airlines, Аэрофлот",12640
